number	state	value	best_epoch	composite	composite_north	epochs_run	gap_ratio	n_params	p_batch	p_depth	p_dropout	p_film_hidden	p_local	p_lr	p_modes	p_wd	p_width	peak_vram_gb	r_array_share	r_centroid	r_integral	r_overlap80	r_peak_x	rn_array_share	rn_centroid	rn_integral	rn_overlap80	rn_peak_x	seconds	val_loss	val_mse_ref	wall_s
0	COMPLETE	0.000119914	96	0.574098	0.673892	122	0.97367	2973969	16	5	0.154958	64	conv3x3	0.000294209	24	0.00513135	16	2.01645	0.14724	0.708612	0.888001	1.17246	0	0.343413	0.721934	0.664809	1.25126	0	259.335	0.000119914	0.000119914	257.7
1	COMPLETE	0.000124149	104	0.583563	0.709505	130	1.00568	4033105	16	3	0.284995	128	conv1x1	0.000370102	12	0.00418928	48	2.27787	0.2	0.640463	0.815665	1.10998	0	0.425804	0.703131	0.671837	1.25983	0	553.85	0.000124149	0.000124149	552.3
2	COMPLETE	0.000119528	58	0.526133	0.67415	84	1.09472	9903329	8	6	0.0547015	32	conv3x3	0.00025705	20	0.0130693	32	2.43409	0.139957	0.632297	0.824695	1.04996	0	0.350067	0.694451	0.73054	1.16302	0	377.24	0.000119528	0.000119528	375.5
3	COMPLETE	0.000119977	103	0.634721	0.703514	129	0.986369	3231713	16	4	0.214222	64	conv3x3	0.000438759	28	0.00447325	16	2.01645	0.221582	0.901674	0.801413	1.01366	0	0.372695	0.890621	0.735783	1.00299	0	241.591	0.000119977	0.000119977	241
4	COMPLETE	0.000120691	80	0.623131	0.639203	106	1.05126	1814689	8	3	0.239959	64	conv3x3	0.000612884	12	0.000129561	32	2.43409	0.228052	0.687268	0.90056	1.06818	0	0.360788	0.63965	0.707318	1.0227	0	237.14	0.000120691	0.000120691	236.6
5	COMPLETE	0.000125015	123	0.718729	0.791091	149	0.952081	4005385	16	3	0.223062	32	conv3x3	0.00022331	24	9.68216e-05	24	2.0436	0.185422	0.879707	1.1169	1.46469	0	0.332491	0.904287	0.871064	1.49544	0	315.972	0.000125015	0.000125015	315.4
6	COMPLETE	0.000121176	112	0.614882	0.683304	138	1.02986	2974417	8	5	0.10769	128	conv1x1	0.000240508	24	0.000836846	16	2.27787	0.180761	0.631004	0.966437	1.29676	0	0.380084	0.66955	0.643995	1.33018	0	289.671	0.000121176	0.000121176	289.1
7	COMPLETE	0.000131147	91	1.02406	1.09805	117	1.12939	6696889	8	5	0.0216745	128	conv3x3	0.00195682	24	5.78798e-06	24	2.43409	0.252304	1.37585	1.64396	1.92717	0	0.463425	1.50086	1.07442	1.94534	0	345.981	0.000131147	0.000131147	345.4
8	COMPLETE	0.00012138	52	0.612083	0.626526	78	1.09452	37888993	16	4	0.271259	128	conv3x3	0.00135568	32	6.44741e-05	48	2.81959	0.184388	0.652877	0.947679	1.23031	0	0.396378	0.625237	0.622754	0.998355	0	688.558	0.00012138	0.00012138	688
9	COMPLETE	0.000121831	77	0.639726	0.914777	103	1.02489	1364337	32	4	0.0805714	64	conv3x3	0.000840162	12	0.000740857	24	2.27787	0.221339	0.858247	0.911789	0.966964	0	0.461031	1.36143	1.21247	0.92016	0	376.29	0.000121831	0.000121831	375.8
10	COMPLETE	0.000117594	51	0.614561	0.617383	77	1.05569	37888993	8	4	0.153415	128	conv3x3	0.000847046	32	0.032035	48	2.82103	0.218206	0.609058	0.974481	1.10144	0	0.318608	0.663766	0.719345	0.955011	0	654.398	0.000117594	0.000117594	653.8
11	COMPLETE	0.000119476	47	0.614526	0.680603	73	1.10115	9449617	32	4	0.060382	32	conv1x1	0.00250224	32	0.00579788	24	2.27787	0.161033	0.668969	1.04094	1.27179	0	0.276581	0.708891	0.896639	1.22055	0	288.166	0.000119476	0.000119476	287.7
12	COMPLETE	0.000120114	42	0.592879	0.67762	68	1.13374	7166097	8	3	0.0136344	64	conv3x3	0.000645191	16	1.2323e-06	48	2.81959	0.202146	0.664545	0.833512	1.10347	0	0.358664	0.70279	0.707057	1.18298	0	268.788	0.000120114	0.000120114	268.2
13	COMPLETE	0.000119408	60	0.660231	0.71473	86	0.995578	2388385	16	4	0.226703	128	conv3x3	0.000793545	24	0.000340731	16	2.27787	0.223779	0.694244	0.958476	1.27606	0	0.292278	0.704014	0.842065	1.50607	0	162.229	0.000119408	0.000119408	161.7
14	COMPLETE	0.00011955	42	0.59437	0.702247	68	1.02316	7088137	32	3	0.0536789	32	conv1x1	0.00225754	32	0.00173151	24	2.82103	0.21154	0.71126	0.840564	0.98682	0	0.416191	0.779647	0.75001	0.999314	0	179.557	0.00011955	0.00011955	178.9
15	COMPLETE	0.000118003	77	0.658421	0.794866	103	1.14283	37888993	32	4	0.124954	128	conv3x3	0.000647802	32	0.0236106	48	3.44052	0.26878	0.825981	0.913749	0.926446	0	0.394745	1.06828	1.05931	0.893617	0	834.977	0.000118003	0.000118003	834.5
16	COMPLETE	0.000118104	41	0.635752	0.66561	67	1.0885	37888993	8	4	0.14528	128	conv3x3	0.000375573	32	0.0831457	48	2.81959	0.284683	0.749914	0.797516	0.959487	0	0.309667	0.869768	0.712854	1.02231	0	521.646	0.000118104	0.000118104	521
17	COMPLETE	0.000118552	57	0.606489	0.709601	83	1.16812	37863969	8	4	0.212901	64	conv3x3	0.000946283	32	0.00314959	48	2.82103	0.180717	0.790246	0.929538	1.0192	0	0.334477	0.890414	0.794184	1.07195	0	656.59	0.000118552	0.000118552	656
18	COMPLETE	0.000121246	18	0.586861	0.596865	44	0.980881	29041633	8	4	0.164862	128	conv3x3	0.000674802	28	0.03737	48	2.81959	0.185325	0.715895	0.931865	0.959409	0	0.236119	0.753471	0.724909	0.984064	0	327.246	0.000121246	0.000121246	326.6
19	COMPLETE	0.000117701	73	0.574986	0.676684	99	1.07329	37888993	8	4	0.198828	128	conv3x3	0.000217455	32	0.0324263	48	2.82103	0.172894	0.711847	0.913379	0.972322	0	0.288992	0.816573	0.872959	1.01781	0	776.337	0.000117701	0.000117701	775.8
20	PRUNED	0.000138974							32	4	0.145262	128	conv3x3	0.00241883	28	0.053706	48												160.834			
21	PRUNED	0.000131748							32	4	0.000994917	128	conv1x1	0.000694989	28	0.00522131	48												149.848			
22	PRUNED	0.000529268							32	6	0.0772268	128	conv3x3	0.00126965	32	0.0795137	48												249.592			
23	COMPLETE	0.000118678	43	0.60945	0.641492	69	1.07401	37888993	8	4	0.0745063	128	conv3x3	0.000200639	32	0.000545628	48	3.11291	0.217874	0.769646	0.898349	0.915821	0	0.346291	0.721372	0.741761	0.913902	0	547.171	0.000118678	0.000118678	546.5
24	PRUNED	0.000150175							32	5	0.224451	128	conv3x3	0.000380226	32	0.0094008	24												92.9405			
25	COMPLETE	0.000117991	64	0.544754	0.674132	90	1.11244	37888993	8	4	0.142214	128	conv3x3	0.00022631	32	0.0356364	48	3.95564	0.178289	0.665506	0.755345	0.982605	0	0.360129	0.754833	0.760026	0.999639	0	704.38	0.000117991	0.000117991	703.8
26	PRUNED	0.000134941							32	3	0.164558	128	conv3x3	0.00078668	32	0.0665355	16												41.9032			
27	PRUNED	0.000132775							8	3	0.22008	128	conv3x3	0.000224152	32	0.070112	32												79.3367			
28	PRUNED	0.00014001							8	5	0.245346	128	conv3x3	0.000255682	32	0.00598295	16												50.8032			
29	COMPLETE	0.000117592	78	0.583696	0.68298	104	1.09198	37851457	32	4	0.146767	32	conv3x3	0.000740337	32	0.0233616	48	3.441	0.150984	0.690972	0.997449	1.11549	0	0.37267	0.715727	0.799652	1.02014	0	856.365	0.000117592	0.000117592	855.8
30	COMPLETE	0.000118619	84	0.60364	0.709886	110	1.075	9512641	32	4	0.100785	128	conv3x3	0.000432884	24	0.0188779	32	3.11291	0.188863	0.728093	0.90796	1.06343	0	0.398856	0.839791	0.690294	1.09833	0	526.193	0.000118619	0.000118619	525.6
31	COMPLETE	0.000118228	49	0.639135	0.677516	75	1.0583	9468721	8	4	0.12702	128	conv1x1	0.00082601	32	0.0915522	24	3.95564	0.186508	0.693423	1.03665	1.24464	0	0.294349	0.724897	0.776307	1.27205	0	230.824	0.000118228	0.000118228	230.2
32	COMPLETE	0.000117133	78	0.544089	0.713115	104	1.0182	37851457	8	4	0.286874	32	conv3x3	0.000203166	32	0.0527533	48	3.11291	0.188103	0.693192	0.739463	0.908895	0	0.416169	0.843258	0.820657	0.897934	0	805.795	0.000117133	0.000117133	805.3
33	PRUNED	0.000135355							32	4	0.142166	32	conv3x3	0.000552731	28	0.00650008	48												173.404			
34	PRUNED	0.000133114							16	4	0.132294	128	conv1x1	0.000324338	32	0.022412	48												151.163			
35	PRUNED	0.000136603							8	4	0.25365	128	conv1x1	0.000225549	24	0.00239615	48												123.535			
36	COMPLETE	0.000116761	84	0.606312	0.68079	110	1.1115	37851457	8	4	0.2122	32	conv3x3	0.000321871	32	0.030829	48	3.95564	0.184249	0.661988	0.963432	1.15002	0	0.335607	0.737303	0.837245	1.03687	0	832.628	0.000116761	0.000116761	832
37	PRUNED	0.000128966							8	6	0.243672	32	conv3x3	0.000244024	28	0.0321725	48												265.992			
38	PRUNED	0.000136522							8	5	0.180442	64	conv3x3	0.000207047	32	0.0700133	24												76.0841			
39	COMPLETE	0.000119002	39	0.620257	0.751735	65	1.1137	21043553	8	5	0.0895557	64	conv3x3	0.000795233	32	0.0551196	32	3.441	0.165492	0.757924	1.00466	1.17454	0	0.36489	0.857379	0.919993	1.10954	0	336.651	0.000119002	0.000119002	336.2
40	COMPLETE	0.000116632	81	0.535763	0.611244	107	1.05496	28390321	8	3	0.218964	32	conv3x3	0.000258466	32	0.0190296	48	3.11291	0.191994	0.636552	0.729006	0.92478	0	0.331411	0.696891	0.64939	0.930726	0	624.142	0.000116632	0.000116632	623.6
41	PRUNED	0.000145292							32	5	0.284832	32	conv3x3	0.000413317	32	0.0296299	32												124.732			
42	PRUNED	0.00013633							8	4	0.261975	32	conv1x1	0.000432543	28	0.0211272	24												50.0485			
43	COMPLETE	0.000117041	47	0.619	0.661292	73	0.983768	37851457	8	4	0.264835	32	conv3x3	0.000430699	32	0.0347766	48	3.441	0.207682	0.680252	0.931964	1.11505	0	0.294994	0.821768	0.823769	0.957646	0	565.901	0.000117041	0.000117041	565.3
44	COMPLETE	0.000117168	79	0.566369	0.600827	105	1.05133	21754801	8	3	0.286179	32	conv3x3	0.00036344	28	0.00208806	48	3.95564	0.184161	0.611621	0.848689	1.07639	0	0.285771	0.644281	0.637242	1.11071	0	580.529	0.000117168	0.000117168	579.9
45	PRUNED	0.000130494							8	3	0.295694	32	conv3x3	0.000234481	28	0.00138651	48												116.177			
46	COMPLETE	0.000117868	74	0.752654	0.785324	100	1.06115	28390321	16	3	0.262491	32	conv3x3	0.000659083	32	0.029804	48	3.11291	0.159055	1.05511	1.25327	1.52577	0	0.350066	0.985655	0.787038	1.40063	0	618.155	0.000117868	0.000117868	617.6
47	PRUNED	0.000139139							16	4	0.269701	32	conv3x3	0.000223841	32	0.0196766	48												164.381			
48	PRUNED	0.000136447							16	3	0.233761	32	conv3x3	0.000258821	32	0.0619114	48												132.377			
49	COMPLETE	0.000117778	73	0.505789	0.580262	99	1.10591	37851457	8	4	0.27666	32	conv3x3	0.000524455	32	0.0492099	48	3.95564	0.164683	0.582713	0.733404	0.929886	0	0.322758	0.621466	0.609899	0.926714	0	748.516	0.000117778	0.000117778	748
50	COMPLETE	0.000118044	52	0.580051	0.675158	78	1.05688	12895265	8	4	0.203196	32	conv3x3	0.000694315	28	0.0540538	32	3.441	0.250653	0.678374	0.716207	0.929574	0	0.386643	0.818377	0.712693	0.921418	0	293.166	0.000118044	0.000118044	292.7
51	PRUNED	0.000133686							8	3	0.260937	32	conv3x3	0.000467991	32	0.0286021	24												47.9764			
52	PRUNED	0.000127042							8	3	0.166074	32	conv1x1	0.000348013	28	0.0105945	48												129.017			
53	COMPLETE	0.000118662	66	0.705051	0.794337	92	1.05866	4210433	16	4	0.090923	32	conv3x3	0.00106025	32	0.0647023	16	3.441	0.262926	0.949765	0.965165	1.02526	0	0.348246	0.91538	1.06228	1.17569	0	178.94	0.000118662	0.000118662	178.4
54	COMPLETE	0.000116977	79	0.549071	0.599452	105	1.05013	37851457	8	4	0.261031	32	conv3x3	0.000233634	32	0.0593181	48	3.11291	0.212613	0.605282	0.760788	0.928326	0	0.355089	0.614377	0.630113	0.939348	0	809.537	0.000116977	0.000116977	809
55	PRUNED	0.000131757							8	4	0.287153	32	conv3x3	0.00022498	32	0.0383906	48												160.302			
56	COMPLETE	0.000116982	80	0.520186	0.601571	106	1.11925	37851457	8	4	0.204397	32	conv3x3	0.000492893	32	0.0999384	48	3.441	0.149735	0.646976	0.796541	0.948884	0	0.290867	0.703845	0.653084	0.979507	0	818.773	0.000116982	0.000116982	818.2
57	COMPLETE	0.00011755	57	0.590267	0.793718	83	1.07588	28390321	8	3	0.145473	32	conv3x3	0.00037705	32	0.000368664	48	3.95564	0.185466	0.85622	0.818912	0.933484	0	0.442808	1.22086	0.795625	0.922732	0	491.411	0.00011755	0.00011755	490.8
58	PRUNED	0.000132471							8	3	0.247024	64	conv3x3	0.00023758	32	0.0454637	48												118.307			
59	PRUNED	0.000136926							8	4	0.170294	32	conv3x3	0.000294094	32	0.0156057	16												45.4627			
60	COMPLETE	0.000116886	67	0.571173	0.680684	93	1.06343	21754801	8	3	0.16756	32	conv3x3	0.000397181	28	0.0768176	48	3.95564	0.186004	0.718224	0.810442	0.983033	0	0.428185	0.686776	0.799288	0.913337	0	513.49	0.000116886	0.000116886	512.9
61	COMPLETE	0.00011813	51	0.831027	0.885638	77	1.02555	12628129	8	3	0.236037	64	conv3x3	0.00044816	32	8.1453e-05	32	3.11291	0.235256	1.27104	1.13331	1.40738	0	0.392709	1.31092	0.862773	1.38511	0	234.993	0.00011813	0.00011813	234.4
62	PRUNED	0.000216085							16	5	0.239859	32	conv1x1	0.000288605	32	0.0118162	16												41.7785			
63	PRUNED	0.000124769							8	3	0.198551	32	conv3x3	0.000286024	24	0.06829	48												179.488			
64	COMPLETE	0.000117606	72	0.59628	0.677012	98	1.10695	29004097	8	4	0.180902	32	conv3x3	0.000434244	28	0.0648162	48	3.11291	0.18068	0.805	0.928883	0.935698	0	0.430051	0.819194	0.608992	0.979188	0	702.46	0.000117606	0.000117606	701.8
65	PRUNED	0.000130559							8	5	0.285896	64	conv3x3	0.000218518	20	0.047352	48												147.332			
66	PRUNED	0.000138124							8	5	0.253739	32	conv1x1	0.000421262	32	0.0687582	48												179.232			
67	COMPLETE	0.000118567	71	0.580547	0.627881	97	1.104	37851457	8	4	0.192023	32	conv3x3	0.000341991	32	0.0303867	48	3.441	0.231091	0.642582	0.801898	0.953935	0	0.340516	0.682878	0.698226	0.957265	0	754.175	0.000118567	0.000118567	753.6
68	COMPLETE	0.000117321	78	0.544323	0.647234	104	1.12456	28390321	8	3	0.179993	32	conv3x3	0.000407921	32	0.0228504	48	3.95564	0.183182	0.617258	0.805436	0.96393	0	0.341065	0.65229	0.806409	0.978166	0	606.461	0.000117321	0.000117321	605.8
69	PRUNED	0.000133202							8	3	0.195145	32	conv3x3	0.000252214	32	0.005477	32												63.5687			
70	PRUNED	0.000142865							32	3	0.283343	128	conv3x3	0.000200231	24	0.0184537	48												123.62			
71	PRUNED	0.000130224							16	3	0.122181	64	conv3x3	0.000282578	28	0.0311445	48												122.881			
72	COMPLETE	0.000117595	59	0.521752	0.576522	85	1.04742	47312593	8	5	0.160197	32	conv3x3	0.00020105	32	0.00828294	48	3.11291	0.171148	0.62622	0.733165	0.943095	0	0.302625	0.616642	0.612672	0.966269	0	800.979	0.000117595	0.000117595	800.4
73	PRUNED	0.000134533							8	4	0.266589	32	conv3x3	0.000212151	28	0.00985163	24												59.5032			
74	PRUNED	0.000142661							32	3	0.281767	32	conv3x3	0.000354998	32	1.72747e-05	48												129.638			
75	PRUNED	0.000141252							32	5	0.236018	64	conv3x3	0.000317838	32	0.0044994	48												207.656			
76	PRUNED	0.000137956							8	4	0.234886	64	conv1x1	0.0002595	32	0.00801736	32												82.1891			
77	PRUNED	0.000133774							16	3	0.288813	32	conv3x3	0.000427166	20	3.70596e-05	48												111.162			
78	PRUNED	0.00014327							32	4	0.236427	32	conv3x3	0.000310549	24	0.0522583	48												159.261			
79	PRUNED	0.000145019							8	3	0.281544	32	conv1x1	0.00029992	32	0.0491294	16												32.8417			
80	PRUNED	0.000210099							32	4	0.259608	32	conv1x1	0.000227919	28	0.0717746	48												147.034			
81	COMPLETE	0.000119467	59	0.654237	0.698392	85	1.08266	21348897	8	4	0.266575	64	conv3x3	0.000570824	24	3.16594e-05	48	3.47656	0.262908	0.896971	0.86009	0.903263	0	0.332238	1.03021	0.744123	0.934069	0	555.656	0.000119466	0.000119467	555.1
82	PRUNED	0.000132691							8	5	0.2801	64	conv3x3	0.00022929	32	0.0578088	48												196.271			
83	COMPLETE	0.000119912	58	0.764348	0.984716	84	1.03817	21783121	8	3	0.295098	128	conv3x3	0.000340643	28	0.00366609	48	3.95564	0.23154	0.919722	1.21168	1.3228	0	0.391318	1.12279	1.20895	1.77014	0	477.078	0.000119912	0.000119912	476.4
84	PRUNED	0.000125254							8	3	0.235855	32	conv3x3	0.000351288	32	0.0846388	48												204.615			
85	PRUNED	0.000128018							8	3	0.290989	128	conv3x3	0.000716716	28	0.0446946	48												174.824			
86	COMPLETE	0.000118725	42	0.671871	0.695411	68	1.03106	47312593	16	5	0.161621	32	conv3x3	0.000709045	32	0.0960453	48	3.47656	0.193383	0.782076	0.954889	1.41099	0	0.37498	0.736587	0.614126	1.37872	0	647.542	0.000118725	0.000118725	647
87	COMPLETE	0.000118985	49	0.641951	0.712911	75	1.06117	28390321	8	3	0.208317	32	conv3x3	0.000445551	32	0.00292723	48	3.11291	0.15891	0.792249	1.05668	1.27659	0	0.257704	0.873413	0.842247	1.36258	0	448.885	0.000118985	0.000118985	448.3
88	COMPLETE	0.000117908	53	0.756547	0.73595	79	1.06868	37851457	8	4	0.242216	32	conv3x3	0.000782769	32	0.000726193	48	3.95564	0.208925	0.933774	1.15826	1.4498	0	0.261511	0.818981	0.965577	1.41854	0	614.256	0.000117908	0.000117908	613.6
89	PRUNED	0.000130889							8	4	0.29682	32	conv3x3	0.00031249	28	0.0128183	32												94.9881			
90	COMPLETE	0.000117304	55	0.763324	0.853087	81	1.10321	12621761	8	3	0.0769674	32	conv3x3	0.000987881	32	0.0991348	32	3.47656	0.15039	1.06878	1.2997	1.62512	0	0.312619	1.02019	1.01806	1.63119	0	238.495	0.000117304	0.000117304	237.9
91	PRUNED	0.000133129							8	5	0.22465	32	conv3x3	0.000712563	32	0.0186025	16												47.7471			
92	COMPLETE	0.000119028	84	0.554308	0.608135	110	1.09455	4005385	8	3	0.14033	32	conv3x3	0.00050071	24	0.064324	24	3.11291	0.201991	0.601859	0.77144	1.00665	0	0.350361	0.614109	0.646146	0.983799	0	239.836	0.000119028	0.000119028	239.2
93	PRUNED	0.000152122							32	3	0.143809	32	conv3x3	0.000256657	28	0.00675863	24												56.0322			
94	COMPLETE	0.000118445	56	0.52344	0.60334	82	1.10897	37851457	8	4	0.13706	32	conv3x3	0.000445782	32	1.38518e-05	48	3.95564	0.144672	0.616851	0.824056	1.02082	0	0.282339	0.603006	0.738148	1.05442	0	615.305	0.000118445	0.000118445	614.8
95	COMPLETE	0.000119276	42	0.854706	0.869819	68	1.10302	12621761	8	3	0.109597	32	conv3x3	0.00107143	32	0.0367842	32	3.47656	0.215253	1.03573	1.46881	1.6297	0	0.385594	0.961244	0.938652	1.6453	0	203.885	0.000119276	0.000119276	203.3
96	PRUNED	0.000145798							32	4	0.299456	32	conv3x3	0.000269396	32	0.0813493	48												165.677			
97	COMPLETE	0.00012036	28	0.646356	0.807588	54	1.10363	16827425	8	4	0.0105904	32	conv3x3	0.00130834	32	0.0404276	32	3.47656	0.162916	0.760951	1.01303	1.38977	0	0.348514	0.901812	0.865434	1.56383	0	230.697	0.00012036	0.00012036	230.1
98	COMPLETE	0.000120736	44	0.833741	0.948897	70	1.12622	9691745	8	3	0.0572406	128	conv3x3	0.000818159	28	0.0987693	32	3.11291	0.200627	1.86316	1.42665	0.90608	0	0.372747	1.96723	1.21492	0.910035	0	202.917	0.000120736	0.000120736	202.3
99	PRUNED	0.00013776							8	5	0.230656	32	conv3x3	0.00121406	32	0.0502205	48												194.884			
100	PRUNED	0.000131202							32	3	0.0461745	32	conv3x3	0.000713507	28	0.0121427	32												78.0995			
101	PRUNED	0.000147903							32	3	0.18041	32	conv3x3	0.000260698	32	0.0145883	48												129.672			
102	COMPLETE	0.000118407	45	0.778663	0.996818	71	1.07266	28390321	8	3	0.0745454	32	conv3x3	0.000540225	32	0.0668235	48	3.95564	0.231745	1.17735	1.5156	0.888989	0	0.435708	1.68354	1.48912	0.903888	0	415.035	0.000118407	0.000118407	414.5
103	COMPLETE	0.000118653	57	0.554846	0.665645	83	1.11099	28390321	8	3	0.0734227	32	conv3x3	0.000396221	32	0.00213422	48	3.47656	0.140639	0.791932	0.778058	1.09366	0	0.380977	0.835069	0.593852	1.03913	0	481.522	0.000118653	0.000118653	481
104	PRUNED	0.000142286							16	4	0.0909612	32	conv3x3	0.000228283	32	0.0923531	24												62.1562			
105	PRUNED	0.000142327							8	4	0.260948	32	conv3x3	0.000301659	20	0.000496429	16												44.3932			
106	COMPLETE	0.000118733	54	0.610997	0.721703	80	1.13853	16004017	8	3	0.0719762	32	conv3x3	0.0005761	24	0.00803517	48	3.11291	0.147204	0.687111	1.05863	1.30156	0	0.338826	0.763251	0.737402	1.42261	0	408.439	0.000118733	0.000118733	407.9
107	COMPLETE	0.000120633	39	0.650048	0.798021	65	1.12069	28418641	8	3	0.14009	128	conv3x3	0.000595263	32	1.60766e-05	48	3.95564	0.218012	0.887568	1.01332	0.910652	0	0.454241	1.01036	0.957183	0.923207	0	369.107	0.000120633	0.000120633	368.6
108	PRUNED	0.000130537							8	3	0.11257	32	conv3x3	0.000225238	28	4.26625e-05	32												61.3714			
109	PRUNED	0.00012746							8	3	0.177735	32	conv3x3	0.000308627	28	0.000103061	48												143.429			
110	PRUNED	0.000128836							16	3	0.0679136	32	conv3x3	0.000686589	32	0.0297938	32												69.3222			
111	COMPLETE	0.000120692	34	0.723413	0.803872	60	1.08365	9648065	8	3	0.0264459	32	conv1x1	0.00176855	28	0.0754598	32	3.11291	0.321992	0.870115	0.868373	1.12569	0	0.424663	1.06259	0.819586	1.12912	0	176.837	0.000120692	0.000120692	176.2
112	PRUNED	0.000145407							16	4	0.227371	32	conv1x1	0.000238793	32	0.00031525	48												142.7			
113	PRUNED	0.000131723							32	3	0.173643	32	conv3x3	0.000945111	28	0.0169825	48												104.991			
114	PRUNED	0.000134068							32	5	0.153668	32	conv3x3	0.000893096	28	0.0033219	48												136.577			
115	PRUNED	0.000135989							32	3	0.155708	32	conv1x1	0.000658776	28	0.0691419	48												79.1123			
116	PRUNED	0.000138048							32	5	0.0623143	32	conv3x3	0.00134518	28	0.0611962	48												139.201			
117	PRUNED	0.000140555							32	5	0.134996	32	conv3x3	0.000443112	32	0.0960665	48												142.16			
118	PRUNED	0.000129219							32	4	0.145088	32	conv3x3	0.000807639	32	0.0147699	48												70.3376			
119	PRUNED	0.000128836							8	3	0.161754	32	conv3x3	0.000318212	32	0.0778151	48												40.4462			
