utc,util_pct,mem_used_mib,n_procs
2026-09-01T23:37:43Z,15,390,0
2026-09-01T23:37:48Z,99,2073,1
2026-09-01T23:37:53Z,99,3357,1
2026-09-01T23:37:58Z,100,3357,1
2026-09-01T23:38:03Z,99,3352,1
2026-09-01T23:38:08Z,100,3352,1
2026-09-01T23:38:13Z,100,3352,1
2026-09-01T23:38:18Z,100,3352,1
2026-09-01T23:38:23Z,100,3352,1
2026-09-01T23:38:28Z,100,3352,1
2026-09-01T23:38:33Z,100,3352,1
2026-09-01T23:38:38Z,99,3352,1
2026-09-01T23:38:43Z,100,3352,1
2026-09-01T23:38:48Z,100,3352,1
2026-09-01T23:38:54Z,100,3352,1
2026-09-01T23:38:59Z,100,3352,1
2026-09-01T23:39:04Z,100,3352,1
2026-09-01T23:39:15Z,22,385,0
2026-09-01T23:39:20Z,100,6572,4
2026-09-01T23:39:25Z,100,7088,4
2026-09-01T23:39:30Z,100,12224,4
2026-09-01T23:39:35Z,100,12224,4
2026-09-01T23:39:40Z,100,12224,4
2026-09-01T23:39:45Z,100,12224,4
2026-09-01T23:39:50Z,100,12224,4
2026-09-01T23:39:55Z,100,12224,4
2026-09-01T23:40:00Z,100,12224,4
2026-09-01T23:40:05Z,100,12224,4
2026-09-01T23:40:10Z,100,12224,4
2026-09-01T23:40:15Z,100,12224,4
2026-09-01T23:40:20Z,100,12224,4
2026-09-01T23:40:25Z,100,12224,4
2026-09-01T23:40:30Z,100,12224,4
2026-09-01T23:40:35Z,100,12224,4
2026-09-01T23:40:41Z,100,12224,4
2026-09-01T23:40:46Z,100,12224,4
2026-09-01T23:40:51Z,100,12224,4
2026-09-01T23:40:56Z,100,12224,4
2026-09-01T23:41:01Z,100,12224,4
2026-09-01T23:41:06Z,100,12224,4
2026-09-01T23:41:11Z,100,12224,4
2026-09-01T23:41:16Z,100,12224,4
2026-09-01T23:41:21Z,100,12224,4
2026-09-01T23:41:26Z,100,12224,4
2026-09-01T23:41:31Z,100,12224,4
2026-09-01T23:41:36Z,100,12224,4
2026-09-01T23:41:41Z,100,12224,4
2026-09-01T23:41:46Z,100,12224,4
2026-09-01T23:41:51Z,100,12224,4
2026-09-01T23:41:56Z,100,12224,4
2026-09-01T23:42:01Z,100,12224,4
2026-09-01T23:42:06Z,100,12224,4
2026-09-01T23:42:11Z,100,12224,4
2026-09-01T23:42:16Z,100,12224,4
2026-09-01T23:42:21Z,100,12224,4
2026-09-01T23:42:26Z,100,12224,4
2026-09-01T23:42:31Z,100,12226,4
2026-09-01T23:42:37Z,100,12226,4
2026-09-01T23:42:42Z,100,12226,4
2026-09-01T23:42:47Z,100,12226,4
2026-09-01T23:42:52Z,100,12226,4
2026-09-01T23:42:57Z,100,12226,4
2026-09-01T23:43:02Z,100,12226,4
2026-09-01T23:43:07Z,100,12947,5
2026-09-01T23:43:12Z,100,13785,5
2026-09-01T23:43:17Z,100,15457,5
2026-09-01T23:43:22Z,100,13895,5
2026-09-01T23:43:27Z,100,15179,5
2026-09-01T23:43:32Z,100,15179,5
2026-09-01T23:43:37Z,100,15179,5
2026-09-01T23:43:42Z,100,10486,4
2026-09-01T23:43:47Z,100,8390,3
2026-09-01T23:43:52Z,100,8002,3
2026-09-01T23:43:57Z,100,7030,3
2026-09-01T23:44:02Z,99,9735,5
2026-09-01T23:44:07Z,100,14329,5
2026-09-01T23:44:12Z,100,12182,4
2026-09-01T23:44:17Z,100,12182,4
2026-09-01T23:44:22Z,100,12182,4
2026-09-01T23:44:28Z,100,12182,4
2026-09-01T23:44:33Z,100,12182,4
2026-09-01T23:44:38Z,100,12182,4
2026-09-01T23:44:43Z,100,12182,4
2026-09-01T23:44:48Z,100,12185,4
2026-09-01T23:44:53Z,99,12219,4
2026-09-01T23:44:58Z,100,12246,4
2026-09-01T23:45:03Z,100,12229,4
2026-09-01T23:45:08Z,100,12216,4
2026-09-01T23:45:13Z,100,12216,4
2026-09-01T23:45:18Z,100,12216,4
2026-09-01T23:45:23Z,100,12216,4
2026-09-01T23:45:28Z,100,12216,4
2026-09-01T23:45:33Z,100,12216,4
2026-09-01T23:45:38Z,100,12216,4
2026-09-01T23:45:43Z,100,12216,4
2026-09-01T23:45:48Z,100,12216,4
2026-09-01T23:45:53Z,100,12216,4
2026-09-01T23:45:58Z,100,12216,4
2026-09-01T23:46:03Z,100,12216,4
2026-09-01T23:46:08Z,100,12216,4
2026-09-01T23:46:13Z,100,12216,4
2026-09-01T23:46:18Z,100,12216,4
2026-09-01T23:46:24Z,100,12216,4
2026-09-01T23:46:29Z,100,12216,4
2026-09-01T23:46:34Z,100,12216,4
2026-09-01T23:46:39Z,100,12216,4
2026-09-01T23:46:44Z,100,9795,3
2026-09-01T23:46:49Z,100,12082,4
2026-09-01T23:46:54Z,100,12082,4
2026-09-01T23:46:59Z,100,11136,4
2026-09-01T23:47:04Z,100,12210,4
2026-09-01T23:47:09Z,100,12210,4
2026-09-01T23:47:14Z,100,14532,4
2026-09-01T23:47:19Z,100,14532,4
2026-09-01T23:47:24Z,100,14532,4
2026-09-01T23:47:29Z,100,14532,4
2026-09-01T23:47:34Z,100,14532,4
2026-09-01T23:47:39Z,100,11247,3
2026-09-01T23:47:44Z,100,12562,4
2026-09-01T23:47:49Z,100,10887,3
2026-09-01T23:47:54Z,100,12684,4
2026-09-01T23:47:59Z,100,11980,4
2026-09-01T23:48:04Z,100,12794,4
2026-09-01T23:48:09Z,100,11328,4
2026-09-01T23:48:14Z,100,12662,4
2026-09-01T23:48:19Z,100,12730,4
2026-09-01T23:48:25Z,100,14014,4
2026-09-01T23:48:30Z,100,14014,4
2026-09-01T23:48:35Z,100,14014,4
2026-09-01T23:48:40Z,100,14014,4
2026-09-01T23:48:45Z,100,14014,4
2026-09-01T23:48:50Z,100,14014,4
2026-09-01T23:48:55Z,100,14014,4
2026-09-01T23:49:00Z,100,14014,4
2026-09-01T23:49:05Z,100,14014,4
2026-09-01T23:49:10Z,100,14014,4
2026-09-01T23:49:15Z,100,14014,4
2026-09-01T23:49:20Z,100,14014,4
2026-09-01T23:49:25Z,100,14014,4
2026-09-01T23:49:30Z,100,14014,4
2026-09-01T23:49:35Z,100,14014,4
2026-09-01T23:49:40Z,100,14014,4
2026-09-01T23:49:45Z,100,14014,4
2026-09-01T23:49:50Z,100,14014,4
2026-09-01T23:49:55Z,100,14014,4
2026-09-01T23:50:00Z,100,14014,4
2026-09-01T23:50:05Z,100,14014,4
2026-09-01T23:50:10Z,100,14014,4
2026-09-01T23:50:15Z,100,14014,4
2026-09-01T23:50:20Z,100,14014,4
2026-09-01T23:50:26Z,100,14014,4
2026-09-01T23:50:31Z,100,11277,3
2026-09-01T23:50:36Z,100,12836,4
2026-09-01T23:50:41Z,100,12628,4
2026-09-01T23:50:46Z,100,12962,4
2026-09-01T23:50:51Z,100,14246,4
2026-09-01T23:50:56Z,100,14246,4
2026-09-01T23:51:01Z,100,14246,4
2026-09-01T23:51:06Z,100,14246,4
2026-09-01T23:51:11Z,100,14246,4
2026-09-01T23:51:16Z,100,14246,4
2026-09-01T23:51:21Z,100,14248,4
2026-09-01T23:51:26Z,100,14248,4
2026-09-01T23:51:31Z,100,14248,4
2026-09-01T23:51:36Z,100,14248,4
2026-09-01T23:51:41Z,100,14248,4
2026-09-01T23:51:46Z,100,14248,4
2026-09-01T23:51:51Z,100,14248,4
2026-09-01T23:51:56Z,100,14248,4
2026-09-01T23:52:01Z,100,11319,3
2026-09-01T23:52:06Z,100,12878,4
2026-09-01T23:52:11Z,100,14542,4
2026-09-01T23:52:16Z,100,12980,4
2026-09-01T23:52:22Z,100,14266,4
2026-09-01T23:52:27Z,100,14266,4
2026-09-01T23:52:32Z,100,14266,4
2026-09-01T23:52:37Z,100,14266,4
2026-09-01T23:52:42Z,100,14266,4
2026-09-01T23:52:47Z,100,14266,4
2026-09-01T23:52:52Z,100,14266,4
2026-09-01T23:52:57Z,100,14266,4
2026-09-01T23:53:02Z,100,14242,4
2026-09-01T23:53:07Z,100,14242,4
2026-09-01T23:53:12Z,100,14242,4
2026-09-01T23:53:17Z,100,14242,4
2026-09-01T23:53:22Z,100,14242,4
2026-09-01T23:53:27Z,100,14242,4
2026-09-01T23:53:32Z,100,14242,4
2026-09-01T23:53:37Z,100,14242,4
2026-09-01T23:53:42Z,100,14242,4
2026-09-01T23:53:47Z,100,14242,4
2026-09-01T23:53:52Z,100,14242,4
2026-09-01T23:53:57Z,100,14242,4
2026-09-01T23:54:02Z,100,14242,4
2026-09-01T23:54:07Z,100,14242,4
2026-09-01T23:54:12Z,100,14242,4
2026-09-01T23:54:18Z,100,14242,4
2026-09-01T23:54:23Z,100,14242,4
2026-09-01T23:54:28Z,100,14242,4
2026-09-01T23:54:33Z,100,14242,4
2026-09-01T23:54:38Z,100,14242,4
2026-09-01T23:54:43Z,100,14242,4
2026-09-01T23:54:48Z,100,14242,4
2026-09-01T23:54:53Z,100,14242,4
2026-09-01T23:54:58Z,100,14242,4
2026-09-01T23:55:03Z,100,11270,3
2026-09-01T23:55:08Z,100,12830,4
2026-09-01T23:55:13Z,100,13454,4
2026-09-01T23:55:18Z,100,12932,4
2026-09-01T23:55:23Z,100,11024,3
2026-09-01T23:55:28Z,100,12584,4
2026-09-01T23:55:33Z,100,14270,4
2026-09-01T23:55:38Z,100,12708,4
2026-09-01T23:55:43Z,100,13992,4
2026-09-01T23:55:48Z,100,13992,4
2026-09-01T23:55:53Z,100,13992,4
2026-09-01T23:55:58Z,100,14017,4
2026-09-01T23:56:03Z,100,14046,4
2026-09-01T23:56:08Z,100,14046,4
2026-09-01T23:56:14Z,100,14016,4
2026-09-01T23:56:19Z,100,14016,4
2026-09-01T23:56:24Z,100,14016,4
2026-09-01T23:56:29Z,100,14016,4
2026-09-01T23:56:34Z,100,14016,4
2026-09-01T23:56:39Z,100,14016,4
2026-09-01T23:56:44Z,100,14016,4
2026-09-01T23:56:49Z,100,14016,4
2026-09-01T23:56:54Z,100,14016,4
2026-09-01T23:56:59Z,100,14016,4
2026-09-01T23:57:04Z,100,14016,4
2026-09-01T23:57:09Z,100,9279,3
2026-09-01T23:57:14Z,100,10838,4
2026-09-01T23:57:19Z,100,11478,4
2026-09-01T23:57:24Z,100,12246,4
2026-09-01T23:57:29Z,100,12246,4
2026-09-01T23:57:34Z,100,12246,4
2026-09-01T23:57:39Z,100,12246,4
2026-09-01T23:57:44Z,100,12246,4
2026-09-01T23:57:49Z,100,12246,4
2026-09-01T23:57:54Z,100,12246,4
2026-09-01T23:57:59Z,100,9299,3
2026-09-01T23:58:04Z,100,10856,4
2026-09-01T23:58:10Z,100,11660,4
2026-09-01T23:58:15Z,100,12232,4
2026-09-01T23:58:20Z,100,12232,4
2026-09-01T23:58:25Z,100,12232,4
2026-09-01T23:58:30Z,100,12232,4
2026-09-01T23:58:35Z,100,12232,4
2026-09-01T23:58:40Z,100,12232,4
2026-09-01T23:58:45Z,100,9264,3
2026-09-01T23:58:50Z,100,10602,4
2026-09-01T23:58:55Z,100,10094,4
2026-09-01T23:59:00Z,100,11020,4
2026-09-01T23:59:05Z,100,12304,4
2026-09-01T23:59:10Z,100,12304,4
2026-09-01T23:59:15Z,100,12304,4
2026-09-01T23:59:20Z,100,12304,4
2026-09-01T23:59:25Z,100,12304,4
2026-09-01T23:59:30Z,100,12304,4
2026-09-01T23:59:35Z,100,12304,4
2026-09-01T23:59:40Z,100,12304,4
2026-09-01T23:59:45Z,100,12304,4
2026-09-01T23:59:50Z,100,12304,4
2026-09-01T23:59:55Z,100,12304,4
2026-09-02T00:00:00Z,100,9358,3
2026-09-02T00:00:06Z,100,10912,4
2026-09-02T00:00:11Z,100,11720,4
2026-09-02T00:00:16Z,100,12292,4
2026-09-02T00:00:21Z,100,12292,4
2026-09-02T00:00:26Z,100,12292,4
2026-09-02T00:00:31Z,100,12292,4
2026-09-02T00:00:36Z,100,12292,4
2026-09-02T00:00:41Z,100,12292,4
2026-09-02T00:00:46Z,100,12292,4
2026-09-02T00:00:51Z,100,12292,4
2026-09-02T00:00:56Z,100,12292,4
2026-09-02T00:01:01Z,100,12292,4
2026-09-02T00:01:06Z,100,12292,4
2026-09-02T00:01:11Z,100,12292,4
2026-09-02T00:01:16Z,100,12292,4
2026-09-02T00:01:21Z,100,12292,4
2026-09-02T00:01:26Z,100,12292,4
2026-09-02T00:01:31Z,100,12292,4
2026-09-02T00:01:36Z,100,12292,4
2026-09-02T00:01:41Z,100,12292,4
2026-09-02T00:01:46Z,100,12292,4
2026-09-02T00:01:51Z,100,12292,4
2026-09-02T00:01:56Z,100,12292,4
2026-09-02T00:02:02Z,100,12292,4
2026-09-02T00:02:07Z,100,12292,4
2026-09-02T00:02:12Z,100,12292,4
2026-09-02T00:02:17Z,100,12292,4
2026-09-02T00:02:22Z,100,12292,4
2026-09-02T00:02:27Z,100,12292,4
2026-09-02T00:02:32Z,100,12292,4
2026-09-02T00:02:37Z,100,12292,4
2026-09-02T00:02:42Z,100,12292,4
2026-09-02T00:02:47Z,100,9358,3
2026-09-02T00:02:52Z,100,10942,4
2026-09-02T00:02:57Z,100,8146,4
2026-09-02T00:03:02Z,100,10950,4
2026-09-02T00:03:07Z,100,10588,4
2026-09-02T00:03:12Z,100,12336,4
2026-09-02T00:03:17Z,100,12336,4
2026-09-02T00:03:22Z,100,12336,4
2026-09-02T00:03:27Z,100,12336,4
2026-09-02T00:03:32Z,100,12336,4
2026-09-02T00:03:37Z,100,12336,4
2026-09-02T00:03:42Z,100,12336,4
2026-09-02T00:03:47Z,100,12336,4
2026-09-02T00:03:52Z,100,12336,4
2026-09-02T00:03:58Z,100,12336,4
2026-09-02T00:04:03Z,100,12336,4
2026-09-02T00:04:08Z,100,12336,4
2026-09-02T00:04:13Z,100,9296,3
2026-09-02T00:04:18Z,100,10856,4
2026-09-02T00:04:23Z,100,10758,4
2026-09-02T00:04:28Z,100,10980,4
2026-09-02T00:04:33Z,100,12264,4
2026-09-02T00:04:38Z,100,12264,4
2026-09-02T00:04:43Z,100,9330,3
2026-09-02T00:04:48Z,100,10552,4
2026-09-02T00:04:53Z,100,10160,4
2026-09-02T00:04:58Z,100,11002,4
2026-09-02T00:05:03Z,100,12286,4
2026-09-02T00:05:08Z,100,12286,4
2026-09-02T00:05:13Z,100,12286,4
2026-09-02T00:05:18Z,100,12286,4
2026-09-02T00:05:23Z,100,12286,4
2026-09-02T00:05:28Z,100,12286,4
2026-09-02T00:05:33Z,100,12286,4
2026-09-02T00:05:38Z,100,12286,4
2026-09-02T00:05:43Z,100,12286,4
2026-09-02T00:05:48Z,100,12286,4
2026-09-02T00:05:54Z,100,12286,4
2026-09-02T00:05:59Z,100,12286,4
2026-09-02T00:06:04Z,100,12286,4
2026-09-02T00:06:09Z,100,12286,4
2026-09-02T00:06:14Z,100,12286,4
2026-09-02T00:06:19Z,100,12286,4
2026-09-02T00:06:24Z,100,12286,4
2026-09-02T00:06:29Z,100,12286,4
2026-09-02T00:06:34Z,100,12286,4
2026-09-02T00:06:39Z,100,12286,4
2026-09-02T00:06:44Z,100,12286,4
2026-09-02T00:06:49Z,100,12286,4
2026-09-02T00:06:54Z,100,12286,4
2026-09-02T00:06:59Z,100,12286,4
2026-09-02T00:07:04Z,100,12286,4
2026-09-02T00:07:09Z,100,12286,4
2026-09-02T00:07:14Z,100,12286,4
2026-09-02T00:07:19Z,100,12286,4
2026-09-02T00:07:24Z,100,12286,4
2026-09-02T00:07:29Z,100,12286,4
2026-09-02T00:07:34Z,100,10770,4
2026-09-02T00:07:39Z,100,10062,4
2026-09-02T00:07:44Z,100,9352,4
2026-09-02T00:07:50Z,100,10834,4
2026-09-02T00:07:55Z,100,10958,4
2026-09-02T00:08:00Z,100,12242,4
2026-09-02T00:08:05Z,100,12242,4
2026-09-02T00:08:10Z,100,12242,4
2026-09-02T00:08:15Z,100,12242,4
2026-09-02T00:08:20Z,100,12242,4
2026-09-02T00:08:25Z,100,12242,4
2026-09-02T00:08:30Z,100,12242,4
2026-09-02T00:08:35Z,100,12242,4
2026-09-02T00:08:40Z,100,12242,4
2026-09-02T00:08:45Z,100,12242,4
2026-09-02T00:08:50Z,100,12242,4
2026-09-02T00:08:55Z,100,12242,4
2026-09-02T00:09:00Z,100,9996,4
2026-09-02T00:09:05Z,100,10836,4
2026-09-02T00:09:10Z,100,10946,4
2026-09-02T00:09:15Z,100,12230,4
2026-09-02T00:09:20Z,100,12230,4
2026-09-02T00:09:25Z,100,12230,4
2026-09-02T00:09:30Z,100,9274,3
2026-09-02T00:09:35Z,100,10836,4
2026-09-02T00:09:41Z,100,11670,4
2026-09-02T00:09:46Z,100,12244,4
2026-09-02T00:09:51Z,100,12244,4
2026-09-02T00:09:56Z,100,12244,4
2026-09-02T00:10:01Z,100,12244,4
2026-09-02T00:10:06Z,100,12244,4
2026-09-02T00:10:11Z,100,12244,4
2026-09-02T00:10:16Z,100,12244,4
2026-09-02T00:10:21Z,100,12244,4
2026-09-02T00:10:26Z,100,12244,4
2026-09-02T00:10:31Z,100,12244,4
2026-09-02T00:10:36Z,100,12244,4
2026-09-02T00:10:41Z,100,12244,4
2026-09-02T00:10:46Z,100,12244,4
2026-09-02T00:10:51Z,100,12244,4
2026-09-02T00:10:56Z,100,12244,4
2026-09-02T00:11:01Z,100,12244,4
2026-09-02T00:11:06Z,100,12244,4
2026-09-02T00:11:11Z,100,12244,4
2026-09-02T00:11:16Z,100,12244,4
2026-09-02T00:11:21Z,100,12244,4
2026-09-02T00:11:26Z,100,12244,4
2026-09-02T00:11:31Z,100,12244,4
2026-09-02T00:11:37Z,100,12244,4
2026-09-02T00:11:42Z,100,12244,4
2026-09-02T00:11:47Z,100,12244,4
2026-09-02T00:11:52Z,100,12244,4
2026-09-02T00:11:57Z,100,12244,4
2026-09-02T00:12:02Z,100,12244,4
2026-09-02T00:12:07Z,100,10254,4
2026-09-02T00:12:12Z,100,10850,4
2026-09-02T00:12:17Z,100,10974,4
2026-09-02T00:12:22Z,100,12258,4
2026-09-02T00:12:27Z,100,12504,5
2026-09-02T00:12:32Z,100,12258,4
2026-09-02T00:12:37Z,100,12258,4
2026-09-02T00:12:42Z,100,9780,4
2026-09-02T00:12:47Z,100,10848,4
2026-09-02T00:12:52Z,100,10950,4
2026-09-02T00:12:57Z,100,12234,4
2026-09-02T00:13:02Z,100,12234,4
2026-09-02T00:13:07Z,100,12234,4
2026-09-02T00:13:12Z,100,12234,4
2026-09-02T00:13:17Z,100,12234,4
2026-09-02T00:13:22Z,100,12234,4
2026-09-02T00:13:27Z,100,12234,4
2026-09-02T00:13:32Z,100,12234,4
2026-09-02T00:13:38Z,100,12234,4
2026-09-02T00:13:43Z,100,12234,4
2026-09-02T00:13:48Z,100,12234,4
2026-09-02T00:13:53Z,100,12234,4
2026-09-02T00:13:58Z,100,12234,4
2026-09-02T00:14:03Z,100,12234,4
2026-09-02T00:14:08Z,100,12234,4
2026-09-02T00:14:13Z,100,12234,4
2026-09-02T00:14:18Z,100,12234,4
2026-09-02T00:14:23Z,100,9265,3
2026-09-02T00:14:28Z,100,9265,3
2026-09-02T00:14:33Z,100,9265,3
2026-09-02T00:14:38Z,100,9265,3
2026-09-02T00:14:43Z,100,6310,2
2026-09-02T00:14:48Z,100,6310,2
2026-09-02T00:14:53Z,100,6310,2
2026-09-02T00:14:58Z,99,3341,1
2026-09-02T00:15:03Z,100,3341,1
2026-09-02T00:15:08Z,100,3341,1
2026-09-02T00:15:13Z,100,3341,1
2026-09-02T00:15:18Z,100,3341,1
2026-09-02T00:15:23Z,100,3341,1
2026-09-02T00:15:28Z,100,3341,1
2026-09-02T00:17:00Z,23,396,0
2026-09-02T00:17:05Z,100,7834,4
2026-09-02T00:17:10Z,100,11434,4
2026-09-02T00:17:15Z,100,9690,4
2026-09-02T00:17:20Z,100,13566,4
2026-09-02T00:17:25Z,100,13566,4
2026-09-02T00:17:30Z,100,13566,4
2026-09-02T00:17:35Z,100,13566,4
2026-09-02T00:17:40Z,100,13566,4
2026-09-02T00:17:45Z,100,13566,4
2026-09-02T00:17:51Z,100,13566,4
2026-09-02T00:17:56Z,100,13566,4
2026-09-02T00:18:01Z,100,13566,4
2026-09-02T00:18:06Z,100,13566,4
2026-09-02T00:18:11Z,100,13566,4
2026-09-02T00:18:16Z,100,13566,4
2026-09-02T00:18:21Z,100,13566,4
2026-09-02T00:18:26Z,100,13566,4
2026-09-02T00:18:31Z,100,13566,4
2026-09-02T00:18:36Z,100,13566,4
2026-09-02T00:18:41Z,100,13566,4
2026-09-02T00:18:46Z,100,13566,4
2026-09-02T00:18:51Z,100,13566,4
2026-09-02T00:18:56Z,100,13566,4
2026-09-02T00:19:01Z,100,13566,4
2026-09-02T00:19:06Z,100,13566,4
2026-09-02T00:19:11Z,100,13566,4
2026-09-02T00:19:16Z,100,13566,4
2026-09-02T00:19:21Z,100,13566,4
2026-09-02T00:19:26Z,100,13566,4
2026-09-02T00:19:31Z,100,13566,4
2026-09-02T00:19:36Z,100,13566,4
2026-09-02T00:19:41Z,100,13566,4
2026-09-02T00:19:47Z,100,13566,4
2026-09-02T00:19:52Z,100,13566,4
2026-09-02T00:19:57Z,100,13566,4
2026-09-02T00:20:02Z,100,13566,4
2026-09-02T00:20:07Z,100,13566,4
2026-09-02T00:20:12Z,100,13566,4
2026-09-02T00:20:17Z,100,13566,4
2026-09-02T00:20:22Z,100,13566,4
2026-09-02T00:20:27Z,100,13566,4
2026-09-02T00:20:32Z,100,13566,4
2026-09-02T00:20:37Z,100,13566,4
2026-09-02T00:20:42Z,100,13566,4
2026-09-02T00:20:47Z,100,13566,4
2026-09-02T00:20:52Z,100,13566,4
2026-09-02T00:20:57Z,100,13566,4
2026-09-02T00:21:02Z,100,13566,4
2026-09-02T00:21:07Z,100,13566,4
2026-09-02T00:21:12Z,100,13566,4
2026-09-02T00:21:17Z,100,13566,4
2026-09-02T00:21:22Z,100,13566,4
2026-09-02T00:21:27Z,100,13566,4
2026-09-02T00:21:32Z,100,12558,4
2026-09-02T00:21:37Z,100,12588,4
2026-09-02T00:21:42Z,100,12886,4
2026-09-02T00:21:48Z,100,12756,4
2026-09-02T00:21:53Z,100,14048,4
2026-09-02T00:21:58Z,100,14048,4
2026-09-02T00:22:03Z,100,14048,4
2026-09-02T00:22:08Z,100,14048,4
2026-09-02T00:22:13Z,100,14048,4
2026-09-02T00:22:18Z,100,14048,4
2026-09-02T00:22:23Z,100,14048,4
2026-09-02T00:22:28Z,100,14048,4
2026-09-02T00:22:33Z,100,14048,4
2026-09-02T00:22:38Z,100,14048,4
2026-09-02T00:22:43Z,100,14048,4
2026-09-02T00:22:48Z,100,14048,4
2026-09-02T00:22:53Z,100,14048,4
2026-09-02T00:22:58Z,100,14048,4
2026-09-02T00:23:03Z,100,14048,4
2026-09-02T00:23:08Z,100,14048,4
2026-09-02T00:23:13Z,100,14048,4
2026-09-02T00:23:18Z,100,14048,4
2026-09-02T00:23:23Z,100,14048,4
2026-09-02T00:23:28Z,100,14048,4
2026-09-02T00:23:33Z,100,14048,4
2026-09-02T00:23:38Z,100,10824,4
2026-09-02T00:23:44Z,100,11134,4
2026-09-02T00:23:49Z,100,11680,4
2026-09-02T00:23:54Z,100,11470,4
2026-09-02T00:23:59Z,100,14054,4
2026-09-02T00:24:04Z,100,14054,4
2026-09-02T00:24:09Z,100,14054,4
2026-09-02T00:24:14Z,100,14054,4
2026-09-02T00:24:19Z,100,14054,4
2026-09-02T00:24:24Z,100,14054,4
2026-09-02T00:24:29Z,100,14054,4
2026-09-02T00:24:34Z,100,14054,4
2026-09-02T00:24:39Z,100,10640,3
2026-09-02T00:24:44Z,100,10640,3
2026-09-02T00:24:49Z,100,10640,3
2026-09-02T00:24:54Z,100,10640,3
2026-09-02T00:24:59Z,100,10640,3
2026-09-02T00:25:04Z,100,10640,3
2026-09-02T00:25:09Z,100,10640,3
2026-09-02T00:25:14Z,100,10640,3
2026-09-02T00:25:19Z,100,10640,3
2026-09-02T00:25:24Z,100,10640,3
2026-09-02T00:25:29Z,100,10640,3
2026-09-02T00:25:34Z,100,10640,3
2026-09-02T00:25:39Z,100,10640,3
2026-09-02T00:25:45Z,100,10640,3
2026-09-02T00:25:50Z,100,10640,3
2026-09-02T00:25:55Z,100,10640,3
2026-09-02T00:26:00Z,100,10640,3
2026-09-02T00:26:05Z,100,10640,3
2026-09-02T00:26:10Z,100,10640,3
2026-09-02T00:26:15Z,100,10640,3
2026-09-02T00:26:20Z,100,10640,3
2026-09-02T00:26:25Z,100,10640,3
2026-09-02T00:26:30Z,100,10640,3
2026-09-02T00:26:35Z,100,10640,3
2026-09-02T00:26:40Z,100,10640,3
2026-09-02T00:26:45Z,100,10640,3
2026-09-02T00:26:50Z,100,10640,3
2026-09-02T00:26:55Z,100,10640,3
2026-09-02T00:27:00Z,100,10640,3
2026-09-02T00:27:05Z,100,10640,3
2026-09-02T00:27:10Z,100,10640,3
2026-09-02T00:27:15Z,100,10640,3
2026-09-02T00:27:20Z,100,10640,3
2026-09-02T00:27:25Z,100,10640,3
2026-09-02T00:27:30Z,100,10640,3
2026-09-02T00:27:35Z,100,10640,3
2026-09-02T00:27:41Z,100,10640,3
2026-09-02T00:27:46Z,100,10640,3
2026-09-02T00:27:51Z,100,10640,3
2026-09-02T00:27:56Z,100,10640,3
2026-09-02T00:28:01Z,100,10640,3
2026-09-02T00:28:06Z,100,10640,3
2026-09-02T00:28:11Z,100,10640,3
2026-09-02T00:28:16Z,100,10640,3
2026-09-02T00:28:21Z,100,10640,3
2026-09-02T00:28:26Z,100,10640,3
2026-09-02T00:28:31Z,100,10640,3
2026-09-02T00:28:36Z,100,10640,3
2026-09-02T00:28:41Z,100,10640,3
2026-09-02T00:28:46Z,100,10640,3
2026-09-02T00:28:51Z,0,3810,1
