name	val_loss	val_mse_ref	composite	composite_north	gap_ratio	best_epoch	epochs	wall	params	r_peak_x	r_centroid	r_overlap80	r_array_share	r_integral	rn_peak_x	rn_centroid	rn_overlap80	rn_array_share	rn_integral
b0_s0	0.000121246	0.000121246	0.645232	0.890936	1.14294	47	68	81.3	4220225	0	0.902361	0.919472	0.219083	0.953532	0	1.10436	0.9426	0.564028	1.07312
b0_s1	0.000121328	0.000121328	0.7085	0.730347	1.11018	39	60	275.1	4220225	0	0.778775	1.38227	0.194533	1.20326	0	0.795094	1.29566	0.298067	0.926598
b0_s2	0.000122175	0.000122175	0.823017	0.874822	1.09933	35	56	261.5	4220225	0	1.04974	1.4606	0.263488	1.13569	0	1.32124	1.72199	0.291059	0.884478
b0_s3	0.000120778	0.000120778	0.538302	0.591054	1.12007	41	62	279.5	4220225	0	0.670873	1.02651	0.164902	0.739397	0	0.675889	1.06424	0.226265	0.74985
b1_s0	0.000120027	0.000120027	0.66385	0.715295	1.07449	35	56	392.9	14241537	0	0.761163	1.35524	0.180313	1.04414	0	0.727861	1.40088	0.286719	0.895434
b1_s1	0.000122562	0.000122562	0.690092	0.774774	1.21987	45	66	455.3	14241537	0	0.932071	1.0374	0.238019	0.985413	0	1.03286	1.07272	0.407189	0.798681
b1_s2	0.000121119	0.000121119	0.713155	0.723222	1.1091	35	56	393.3	14241537	0	0.866459	1.29624	0.221016	1.04203	0	0.873103	1.3399	0.30911	0.756551
b1x_s0	0.000121833	0.000121833	0.604609	0.676673	1.18626	54	75	441.4	14241217	0	0.607366	1.0986	0.233279	0.858489	0	0.678608	1.11336	0.366265	0.757643
b1x_s1	0.000122098	0.000122098	0.643225	0.748477	1.1116	36	57	317	14241217	0	0.675253	1.2055	0.225048	0.934416	0	0.840741	1.21414	0.324925	0.946238
b1x_s2	0.000120611	0.000120611	0.680697	0.697077	1.08327	34	55	311.8	14241217	0	0.776679	1.30523	0.223695	0.94674	0	0.716634	1.2729	0.429225	0.603041
depth2	0.000122106	0.000122106	0.681714	0.752555	1.05931	44	65	171.4	2112641	0	0.873344	1.06101	0.238831	0.975913	0	0.960008	1.07234	0.34972	0.890891
depth6	0.00011962	0.00011962	0.568753	0.646434	1.11429	54	75	453	6327809	0	0.693312	1.00054	0.181117	0.832856	0	0.751869	1.04922	0.284497	0.778056
dist_none	0.000120842	0.000120842	0.543607	0.600793	1.13161	44	65	286.8	4220161	0	0.604816	1.10057	0.150435	0.872064	0	0.620875	1.12099	0.283638	0.659979
dist_xy	0.000120433	0.000120433	0.581953	0.648413	1.15885	54	75	326.2	4220289	0	0.688119	1.02873	0.191746	0.845005	0	0.810721	1.1298	0.260924	0.739635
head_direct	0.000121805	0.000121805	0.580065	0.639986	1.13424	67	80	356.3	4220225	0	0.616777	1.14454	0.184163	0.87086	0	0.685034	1.21239	0.263281	0.767195
int0.1_asym	0.000121268	0.000121268	0.717832	0.665025	1.04806	68	80	328.5	4220225	0	0.981844	1.30715	0.189144	1.09378	0	1.02181	1.13475	0.247378	0.681898
int0.1_tgt	0.00012089	0.00012089	0.670592	0.731667	1.07486	47	68	297.8	4220225	0	0.729085	1.30461	0.200221	1.06186	0	0.878394	1.42525	0.300723	0.761213
int1_asym	0.000277475	0.000277475	1.08983	1.00122	1.01507	8	29	134.5	4220225	1	1.32553	1.14126	0.931821	1.09067	1	1.2849	1.21409	0.93049	0.693114
int1_tgt	0.000147863	0.000147863	0.698746	0.739111	0.975343	79	80	342.7	4220225	0	0.657923	1.21395	0.386386	0.772467	0	0.70545	1.26292	0.587088	0.570547
knee0.3	0.000747291	0.000124906	0.709716	0.849575	1.10296	24	45	201.6	4220225	0	1.01756	1.48778	0.174797	0.958751	0	0.964356	1.56992	0.4122	0.8348
knee3	1.70409e-05	0.000124111	0.611003	0.646183	1.04857	68	80	346.2	4220225	0	0.642691	1.17935	0.210588	0.873156	0	0.693398	1.22241	0.264628	0.777301
local_conv3x3	0.000119823	0.000119823	0.60279	0.731163	1.15266	37	58	270.9	4252993	0	0.653194	1.24343	0.180037	0.9029	0	0.756388	1.43237	0.380382	0.693484
local_none	0.000277426	0.000277426	1.10735	1.03013	1.01513	42	63	231.8	4216001	1	1.34394	1.32646	0.917809	1.01765	1	1.31325	1.47705	0.931391	0.642066
modes12	0.000121804	0.000121804	0.6236	0.702094	1.09775	44	65	268.5	2385217	0	0.888046	1.03224	0.179614	0.918476	0	0.684041	1.30612	0.331822	0.819615
modes24	0.000120246	0.000120246	0.648413	0.661212	1.07693	32	53	239.7	9463105	0	0.819625	0.999469	0.236206	0.913551	0	0.675171	1.1839	0.325612	0.734401
modes32	0.00012083	0.00012083	0.718948	0.775587	1.06	23	44	225.2	16803137	0	0.855666	1.51529	0.150374	1.3703	0	0.885009	1.40301	0.323289	0.901408
modes8	0.000122361	0.000122361	0.588919	0.639467	1.0865	44	65	271.2	1074497	0	0.868391	0.985271	0.175025	0.80325	0	0.758058	1.04353	0.272294	0.776299
norm_record	0.000150877	0.000121733	0.598406	0.689862	1.15611	47	68	295.4	4220225	0	0.643096	1.1136	0.204298	0.876424	0	0.734009	1.13353	0.384889	0.707264
peak0.1	0.000121722	0.000121722	0.641629	0.737791	1.15722	44	65	284.5	4220225	0	0.752516	1.32601	0.167994	1.01107	0	0.887621	1.33649	0.333762	0.748351
peak1	0.000126365	0.000126365	0.808803	0.777277	1.08099	41	62	271.5	4220225	0	1.95246	1.23743	0.174602	1.01443	0	1.04008	1.26958	0.312745	0.883864
stab_L	0.000121568	0.000121568	0.612491	0.639773	1.12953	44	65	283.7	4220225	0	0.677697	1.21701	0.181762	0.938792	0	0.688756	1.19965	0.315	0.643685
statics_C	0.00011994	0.00011994	0.580187	0.735258	1.13501	44	65	284.2	4220481	0	0.635181	1.07583	0.177373	0.93486	0	0.782709	1.11624	0.381181	0.877548
statics_none	0.000124993	0.000124993	0.800031	0.789791	1.07889	44	65	283.1	4220097	0	0.970412	1.6316	0.182702	1.41617	0	0.85199	1.41176	0.360788	0.896603
statics_none_xy	0.000122339	0.000122339	0.643309	0.708072	1.09632	37	58	266.7	4220161	0	0.66732	1.36003	0.176262	1.07063	0	0.670682	1.42274	0.31457	0.837433
statics_rot90	0.000122008	0.000122008	0.699073	0.793292	1.14298	44	65	284.7	4220225	0	0.838298	1.38595	0.186924	1.09971	0	0.720004	1.40105	0.469221	0.836694
weight_north3	0.000121621	0.000121621	0.665789	0.721416	1.15328	47	68	172.3	4220225	0	0.756347	1.29645	0.200276	1.00056	0	0.808597	1.32582	0.379138	0.666389
width16	0.000121222	0.000121222	0.59616	0.698523	1.1022	54	75	166	1060865	0	0.748778	1.05662	0.20518	0.778122	0	0.903201	1.16013	0.320089	0.709839
width64	0.000121959	0.000121959	0.644289	0.61593	1.13157	36	57	623.8	16836545	0	0.64742	1.14028	0.250883	0.930367	0	0.677029	1.09246	0.302856	0.642503
