date	hour	zi_m	dzidt_m_per_h	dzidt_rel_per_h	shtfl_wm2	wdir_deg	wspd_ms
2023-01-03	00	167.8	+13.4	+8.0	-8.0	24.5	3.59
2023-01-03	01	181.2	+42.2	+23.3	-6.0	35.1	3.08
2023-01-03	02	252.1	+2.9	+1.1	3.0	47.2	3.14
2023-01-03	03	186.9	-28.3	-15.1	-2.0	47.1	3.61
2023-01-03	04	195.6	+2.2	+1.1	-2.0	42.3	3.89
2023-01-03	05	191.4	+13.5	+7.1	-1.0	39.9	2.60
2023-01-03	06	222.6	+25.7	+11.6	-8.0	13.8	5.33
2023-01-03	07	242.9	-3.0	-1.2	-10.0	32.6	3.47
2023-01-03	08	216.6	+11.1	+5.1	-10.0	42.5	5.55
2023-01-03	09	265.1	+14.9	+5.6	-9.0	47.0	3.96
2023-01-03	10	246.4	+37.3	+15.1	-12.0	47.8	5.51
2023-01-03	11	339.7	+71.6	+21.1	-10.0	32.1	5.05
2023-01-03	12	389.6	-0.2	-0.0	-17.0	42.3	6.32
2023-01-03	13	339.4	-20.1	-5.9	-16.0	52.0	5.88
2023-01-03	14	349.4	+36.5	+10.4	-12.0	47.0	4.03
2023-01-03	15	412.4	+23.4	+5.7	-11.0	52.9	3.85
2023-01-03	16	396.3	+9.1	+2.3	5.0	44.4	5.15
2023-01-03	17	430.7	+15.5	+3.6	2.0	47.4	4.87
2023-01-03	18	427.2	-9.3	-2.2	-8.0	45.9	3.74
2023-01-03	19	412.0	-6.6	-1.6	-15.0	52.8	4.46
2023-01-03	20	414.0	-11.5	-2.8	-11.0	66.6	3.07
2023-01-03	21	389.1	-10.6	-2.7	-12.0	46.1	3.92
2023-01-03	22	392.8	-101.8	-25.9	-6.0	60.0	2.18
2023-01-03	23	185.6	-207.3	-111.7	-8.0	35.0	2.27
2023-01-07	00	411.9	-108.3	-26.3	33.0	322.5	2.58
2023-01-07	01	303.6	-69.7	-23.0	30.0	340.7	2.75
2023-01-07	02	272.4	-79.5	-29.2	41.0	345.1	2.69
2023-01-07	03	144.6	-46.8	-32.3	10.0	319.1	2.07
2023-01-07	04	178.9	+12.4	+6.9	-1.0	338.8	3.22
2023-01-07	05	169.4	+40.7	+24.0	15.0	25.8	0.97
2023-01-07	06	260.3	+75.7	+29.1	11.0	28.2	2.41
2023-01-07	07	320.7	+41.3	+12.9	22.0	55.8	3.10
2023-01-07	08	342.8	+17.6	+5.1	10.0	25.6	1.16
2023-01-07	09	355.8	+20.0	+5.6	4.0	11.7	1.81
2023-01-07	10	382.9	-37.3	-9.7	-8.0	354.9	2.59
2023-01-07	11	281.3	-69.8	-24.8	0.0	329.0	2.02
2023-01-07	12	243.3	-12.7	-5.2	10.0	351.7	2.97
2023-01-07	13	255.8	-11.8	-4.6	9.0	352.2	2.80
2023-01-07	14	219.7	-13.9	-6.3	9.0	303.2	0.76
2023-01-07	15	228.0	+42.0	+18.4	17.0	347.2	1.76
2023-01-07	16	303.7	+58.9	+19.4	28.0	21.1	1.09
2023-01-07	17	345.9	+14.5	+4.2	43.0	23.4	1.69
2023-01-07	18	332.7	+9.1	+2.7	58.0	16.7	2.10
2023-01-07	19	364.1	+21.5	+5.9	66.0	6.7	1.72
2023-01-07	20	375.8	+13.6	+3.6	34.0	2.3	1.89
2023-01-07	21	391.3	+19.3	+4.9	35.0	21.8	2.63
2023-01-07	22	414.4	+60.7	+14.7	10.0	4.5	1.79
2023-01-07	23	512.8	+98.4	+19.2	1.0	9.7	1.53
2023-01-11	00	256.8	-171.6	-66.8	3.0	241.4	1.19
2023-01-11	01	85.2	-68.3	-80.1	7.0	207.4	2.10
2023-01-11	02	120.3	+8.9	+7.4	6.0	212.6	1.42
2023-01-11	03	102.9	-11.6	-11.3	4.0	251.3	0.71
2023-01-11	04	97.1	+8.1	+8.3	4.0	208.8	1.63
2023-01-11	05	119.1	+76.5	+64.3	1.0	189.8	1.65
2023-01-11	06	250.2	+91.7	+36.7	1.0	257.1	1.89
2023-01-11	07	302.5	-60.3	-19.9	4.0	192.9	1.76
2023-01-11	08	129.6	-80.0	-61.7	0.0	344.3	0.61
2023-01-11	09	142.6	+1.3	+0.9	2.0	193.0	0.38
2023-01-11	10	132.2	-30.1	-22.7	0.0	18.8	0.42
2023-01-11	11	82.5	-19.4	-23.5	-1.0	53.4	2.47
2023-01-11	12	93.3	-9.7	-10.4	0.0	246.3	0.82
2023-01-11	13	63.0	-20.4	-32.4	-3.0	32.4	2.36
2023-01-11	14	52.6	+12.1	+23.0	-3.0	104.0	1.88
2023-01-11	15	87.2	+114.9	+131.8	21.0	29.9	1.27
2023-01-11	16	282.4	+113.5	+40.2	38.0	69.1	1.49
2023-01-11	17	314.3	+58.5	+18.6	46.0	86.1	1.94
2023-01-11	18	399.3	+56.2	+14.1	69.0	98.7	2.97
2023-01-11	19	426.7	+19.0	+4.5	38.0	117.9	3.00
2023-01-11	20	437.4	+7.5	+1.7	8.0	102.2	2.25
2023-01-11	21	441.7	-12.4	-2.8	0.0	161.5	0.87
2023-01-11	22	412.7	-89.6	-21.7	-5.0	341.1	1.80
2023-01-11	23	262.4	-150.2	-57.2	0.0	356.8	1.29
2023-01-15	00	284.5	+4.4	+1.6	-10.0	158.6	4.14
2023-01-15	01	288.9	-4.8	-1.6	-3.0	155.4	5.27
2023-01-15	02	274.9	-9.4	-3.4	-16.0	153.1	5.28
2023-01-15	03	270.1	+12.4	+4.6	-3.0	149.5	5.75
2023-01-15	04	299.8	-3.8	-1.3	-28.0	154.5	5.67
2023-01-15	05	262.5	-20.2	-7.7	-26.0	154.4	5.76
2023-01-15	06	259.5	+14.4	+5.6	-17.0	164.4	5.94
2023-01-15	07	291.3	+16.5	+5.7	-24.0	172.0	5.61
2023-01-15	08	292.5	+17.8	+6.1	-14.0	166.3	5.49
2023-01-15	09	326.9	+23.1	+7.1	-6.0	160.5	5.34
2023-01-15	10	338.6	-12.6	-3.7	-2.0	162.8	4.65
2023-01-15	11	301.7	-34.4	-11.4	-21.0	157.8	5.29
2023-01-15	12	269.8	-19.2	-7.1	-30.0	155.9	4.91
2023-01-15	13	263.2	+2.3	+0.9	-31.0	154.2	5.19
2023-01-15	14	274.4	+35.4	+12.9	-29.0	154.9	5.13
2023-01-15	15	334.0	+36.3	+10.9	3.0	149.9	5.56
2023-01-15	16	346.9	+9.7	+2.8	74.0	151.1	7.07
2023-01-15	17	353.5	+47.8	+13.5	79.0	153.3	7.05
2023-01-15	18	442.5	+58.3	+13.2	68.0	156.8	6.78
2023-01-15	19	470.1	+27.7	+5.9	66.0	152.8	7.28
2023-01-15	20	498.0	+12.4	+2.5	30.0	152.3	7.28
2023-01-15	21	494.8	-32.6	-6.6	-6.0	150.7	7.06
2023-01-15	22	432.8	-36.1	-8.3	-48.0	141.6	7.07
2023-01-15	23	422.6	-10.2	-2.4	-81.0	139.7	6.48
2023-01-19	00	577.3	+65.9	+11.4	-16.0	62.1	5.99
2023-01-19	01	643.1	-42.0	-6.5	-8.0	59.7	5.66
2023-01-19	02	493.2	-80.5	-16.3	-1.0	59.7	6.81
2023-01-19	03	482.0	-7.8	-1.6	-10.0	60.9	8.18
2023-01-19	04	477.6	+29.7	+6.2	-14.0	57.2	7.89
2023-01-19	05	541.4	+61.5	+11.4	-18.0	56.7	6.07
2023-01-19	06	600.5	+3.2	+0.5	-10.0	74.9	4.48
2023-01-19	07	547.8	-99.5	-18.2	-12.0	43.1	3.37
2023-01-19	08	401.5	-74.5	-18.6	-9.0	27.0	3.93
2023-01-19	09	398.8	-6.0	-1.5	-10.0	34.4	5.22
2023-01-19	10	389.4	-0.8	-0.2	-10.0	25.4	3.03
2023-01-19	11	397.2	-21.8	-5.5	-7.0	34.6	3.46
2023-01-19	12	345.9	-88.4	-25.6	-9.0	41.5	2.80
2023-01-19	13	220.5	-5.4	-2.4	-2.0	34.5	1.61
2023-01-19	14	335.1	-4.0	-1.2	-4.0	355.3	1.84
2023-01-19	15	212.5	-23.3	-11.0	10.0	27.7	0.82
2023-01-19	16	288.5	+138.6	+48.0	6.0	12.1	0.85
2023-01-19	17	489.7	+42.3	+8.6	12.0	315.8	1.83
2023-01-19	18	373.0	+2.5	+0.7	8.0	291.2	1.50
2023-01-19	19	494.7	+31.1	+6.3	10.0	331.4	2.65
2023-01-19	20	435.1	-8.3	-1.9	8.0	304.4	3.93
2023-01-19	21	478.0	-64.2	-13.4	-9.0	297.6	5.17
2023-01-19	22	306.6	-49.8	-16.3	-4.0	292.7	4.01
2023-01-19	23	378.3	+71.7	+18.9	-13.0	283.7	3.41
2023-01-23	00	397.2	-2.0	-0.5	-3.0	350.9	3.64
2023-01-23	01	395.2	-53.9	-13.6	-9.0	349.0	2.71
2023-01-23	02	289.3	-67.4	-23.3	6.0	340.3	3.00
2023-01-23	03	260.5	-18.0	-6.9	11.0	332.0	3.07
2023-01-23	04	253.4	+3.2	+1.3	18.0	330.7	2.69
2023-01-23	05	266.9	+42.3	+15.8	10.0	343.1	0.99
2023-01-23	06	337.9	+40.4	+12.0	20.0	8.5	1.41
2023-01-23	07	347.8	-98.5	-28.3	11.0	315.7	2.05
2023-01-23	08	140.9	-91.5	-65.0	0.0	286.1	2.60
2023-01-23	09	164.7	+11.6	+7.0	-1.0	283.5	2.81
2023-01-23	10	164.1	+65.6	+40.0	0.0	274.9	3.02
2023-01-23	11	296.0	+59.2	+20.0	0.0	265.9	2.84
2023-01-23	12	282.4	-15.9	-5.6	9.0	247.4	3.58
2023-01-23	13	264.2	-30.9	-11.7	2.0	239.3	3.54
2023-01-23	14	220.6	+29.7	+13.5	27.0	229.3	3.15
2023-01-23	15	323.6	+48.4	+15.0	32.0	237.8	4.61
2023-01-23	16	317.4	+7.2	+2.3	47.0	226.1	4.10
2023-01-23	17	338.0	+38.6	+11.4	67.0	230.6	4.98
2023-01-23	18	394.7	+28.1	+7.1	52.0	230.5	5.19
2023-01-23	19	394.3	-3.4	-0.9	33.0	222.4	5.84
2023-01-23	20	387.8	+14.7	+3.8	13.0	224.6	7.15
2023-01-23	21	423.7	+5.7	+1.3	-13.0	216.4	6.27
2023-01-23	22	399.2	-49.1	-12.3	-34.0	214.4	6.85
2023-01-23	23	325.5	-73.7	-22.6	-35.0	222.7	7.49
2023-01-27	00	571.3	-249.0	-43.6	-20.0	262.9	3.33
2023-01-27	01	322.3	-125.9	-39.1	22.0	249.8	5.02
2023-01-27	02	319.4	-21.6	-6.8	10.0	242.0	4.59
2023-01-27	03	279.0	-43.7	-15.7	49.0	230.9	4.70
2023-01-27	04	232.0	-1.7	-0.7	48.0	232.1	4.53
2023-01-27	05	275.7	+12.5	+4.6	11.0	211.4	3.54
2023-01-27	06	257.1	+23.9	+9.3	13.0	216.2	4.09
2023-01-27	07	323.5	-12.7	-3.9	-27.0	203.0	4.39
2023-01-27	08	231.7	-11.0	-4.7	-33.0	183.9	5.01
2023-01-27	09	301.5	+35.9	+11.9	51.0	168.4	5.29
2023-01-27	10	303.5	-10.4	-3.4	-5.0	175.6	5.67
2023-01-27	11	280.7	-13.4	-4.8	-9.0	168.3	7.15
2023-01-27	12	276.7	+20.7	+7.5	-5.0	174.4	7.23
2023-01-27	13	322.2	+42.0	+13.0	-48.0	167.7	7.63
2023-01-27	14	360.7	+31.8	+8.8	-47.0	169.8	7.10
2023-01-27	15	385.8	+20.4	+5.3	-11.0	180.8	7.92
2023-01-27	16	401.4	+35.8	+8.9	7.0	181.7	8.22
2023-01-27	17	457.3	+24.6	+5.4	-13.0	190.2	7.89
2023-01-27	18	450.6	+15.2	+3.4	-13.0	195.7	7.20
2023-01-27	19	487.6	+16.0	+3.3	-6.0	214.2	7.69
2023-01-27	20	482.7	+46.9	+9.7	-21.0	229.4	5.92
2023-01-27	21	581.5	+99.6	+17.1	-82.0	253.6	7.04
2023-01-27	22	681.9	-4.9	-0.7	-52.0	269.3	9.42
2023-01-27	23	571.6	-110.3	-19.3	-52.0	264.0	7.18
2023-01-31	00	354.9	+23.0	+6.5	-8.0	241.9	2.45
2023-01-31	01	377.9	-123.3	-32.6	-14.0	244.7	2.91
2023-01-31	02	108.3	-130.6	-120.5	-9.0	265.3	2.46
2023-01-31	03	116.8	-21.5	-18.4	-17.0	279.2	3.06
2023-01-31	04	65.4	-23.4	-35.7	0.0	271.9	2.07
2023-01-31	05	70.1	-1.2	-1.8	-10.0	306.3	2.54
2023-01-31	06	62.9	+3.9	+6.2	-10.0	307.7	2.22
2023-01-31	07	77.9	-9.8	-12.6	0.0	235.6	1.42
2023-01-31	08	43.4	-7.1	-16.4	-10.0	276.0	1.70
2023-01-31	09	63.7	-11.4	-17.8	0.0	308.0	1.62
2023-01-31	10	20.7	-17.2	-83.4	0.0	302.6	1.10
2023-01-31	11	29.2	-0.4	-1.5	0.0	275.5	1.06
2023-01-31	12	19.8	+5.3	+26.5	0.0	197.1	1.20
2023-01-31	13	39.7	+3.7	+9.2	0.0	263.9	1.22
2023-01-31	14	27.2	+19.0	+69.9	0.0	179.5	0.94
2023-01-31	15	77.7	+85.1	+109.5	0.0	243.0	1.55
2023-01-31	16	197.3	+110.8	+56.1	40.0	262.6	2.20
2023-01-31	17	299.2	+115.8	+38.7	67.0	230.2	3.56
2023-01-31	18	428.9	+105.4	+24.6	100.0	213.6	4.00
2023-01-31	19	510.0	+44.9	+8.8	111.0	219.5	4.76
2023-01-31	20	518.7	+17.6	+3.4	91.0	224.7	4.64
2023-01-31	21	545.2	-18.3	-3.3	69.0	224.9	4.56
2023-01-31	22	482.2	-56.1	-11.6	30.0	230.8	4.22
2023-01-31	23	432.9	-49.3	-11.4	-13.0	215.2	3.73
2023-02-04	00	356.0	-85.4	-24.0	-10.0	148.7	2.11
2023-02-04	01	270.5	-84.4	-31.2	-10.0	176.0	3.09
2023-02-04	02	187.1	-40.3	-21.5	0.0	159.0	3.45
2023-02-04	03	190.0	+4.6	+2.4	-10.0	164.8	4.31
2023-02-04	04	196.4	+6.5	+3.3	-10.0	159.4	4.88
2023-02-04	05	203.1	+33.4	+16.5	-20.0	160.5	5.12
2023-02-04	06	263.3	+50.6	+19.2	-20.0	164.1	4.84
2023-02-04	07	304.3	+30.4	+10.0	-20.0	158.0	4.83
2023-02-04	08	324.0	+9.4	+2.9	-20.0	157.3	4.49
2023-02-04	09	323.0	+2.6	+0.8	-30.0	159.0	4.64
2023-02-04	10	329.2	-7.0	-2.1	-40.0	165.1	5.61
2023-02-04	11	308.9	-5.8	-1.9	-50.0	167.7	6.37
2023-02-04	12	317.5	+2.5	+0.8	-60.0	174.9	6.92
2023-02-04	13	313.9	+1.4	+0.5	-60.0	181.6	6.55
2023-02-04	14	320.4	-1.8	-0.6	-50.0	186.8	6.80
2023-02-04	15	310.2	+12.4	+4.0	10.0	187.4	6.86
2023-02-04	16	345.1	+31.6	+9.2	40.0	193.9	7.05
2023-02-04	17	373.5	+8.4	+2.2	50.0	192.7	6.75
2023-02-04	18	361.8	-24.4	-6.7	40.0	198.3	5.85
2023-02-04	19	324.7	-9.5	-2.9	20.0	205.5	6.07
2023-02-04	20	342.8	-31.4	-9.2	10.0	207.2	6.08
2023-02-04	21	261.9	-27.8	-10.6	-16.0	202.5	4.86
2023-02-04	22	287.1	-8.0	-2.8	-30.0	199.6	4.47
2023-02-04	23	246.0	-41.2	-16.7	-38.0	198.0	3.78
2023-02-08	00	398.1	-125.4	-31.5	-67.0	240.8	4.29
2023-02-08	01	272.7	-41.6	-15.2	-20.0	233.5	2.75
2023-02-08	02	314.9	-12.3	-3.9	-26.0	245.6	3.59
2023-02-08	03	248.0	-42.1	-17.0	-16.0	263.4	3.31
2023-02-08	04	230.8	-55.4	-24.0	-10.0	261.7	2.37
2023-02-08	05	137.3	-86.2	-62.8	-6.0	254.2	2.03
2023-02-08	06	58.4	-32.1	-55.0	-2.0	294.5	1.31
2023-02-08	07	73.0	-10.5	-14.4	-6.0	266.5	1.97
2023-02-08	08	37.4	-11.6	-31.0	2.0	243.9	0.93
2023-02-08	09	49.9	+16.4	+32.9	0.0	223.5	0.89
2023-02-08	10	70.2	-1.2	-1.7	-1.0	193.7	1.12
2023-02-08	11	47.6	+4.5	+9.4	6.0	191.3	1.48
2023-02-08	12	79.2	-5.3	-6.7	0.0	148.9	1.33
2023-02-08	13	37.0	-1.8	-5.0	-3.0	120.6	1.66
2023-02-08	14	75.5	+39.4	+52.1	9.0	156.8	1.58
2023-02-08	15	115.7	+69.2	+59.8	25.0	127.7	1.84
2023-02-08	16	214.0	+63.7	+29.8	60.0	192.2	1.11
2023-02-08	17	243.1	+92.0	+37.8	81.0	172.7	3.09
2023-02-08	18	397.9	+87.5	+22.0	85.0	162.6	3.76
2023-02-08	19	418.1	+5.1	+1.2	80.0	167.0	3.81
2023-02-08	20	408.1	+27.1	+6.6	58.0	174.2	3.50
2023-02-08	21	472.4	-14.3	-3.0	11.0	185.6	3.60
2023-02-08	22	379.6	-132.3	-34.9	-5.0	188.7	2.00
2023-02-08	23	207.7	-171.9	-82.8	-8.0	149.2	2.06
2023-02-12	00	222.8	-38.8	-17.4	-77.0	201.4	4.94
2023-02-12	01	184.0	-29.3	-15.9	-64.0	213.0	4.61
2023-02-12	02	164.2	+22.3	+13.6	-44.0	215.6	3.79
2023-02-12	03	228.6	+24.9	+10.9	-27.0	204.4	3.40
2023-02-12	04	214.0	-19.5	-9.1	-33.0	216.0	3.55
2023-02-12	05	189.5	-14.8	-7.8	-52.0	218.8	4.14
2023-02-12	06	184.4	-19.1	-10.3	-41.0	226.1	3.70
2023-02-12	07	151.4	-18.5	-12.2	-46.0	224.4	4.01
2023-02-12	08	147.4	-5.1	-3.5	-50.0	227.8	3.83
2023-02-12	09	141.2	-5.2	-3.7	-34.0	210.2	3.26
2023-02-12	10	137.1	-26.1	-19.0	-20.0	215.4	2.75
2023-02-12	11	89.0	-45.6	-51.2	-13.0	194.8	2.39
2023-02-12	12	45.9	-25.9	-56.3	-7.0	206.1	2.03
2023-02-12	13	37.2	+10.9	+29.3	-10.0	209.1	2.34
2023-02-12	14	67.8	+36.0	+53.1	-6.0	212.9	2.06
2023-02-12	15	109.2	+43.9	+40.2	-5.0	205.9	1.82
2023-02-12	16	155.5	+20.3	+13.0	-8.0	196.9	2.13
2023-02-12	17	149.7	+78.8	+52.6	-19.0	195.2	3.29
2023-02-12	18	313.0	+144.0	+46.0	27.0	196.8	2.93
2023-02-12	19	437.7	+82.2	+18.8	18.0	231.6	2.83
2023-02-12	20	477.4	+40.2	+8.4	15.0	197.5	3.58
2023-02-12	21	518.0	-31.6	-6.1	0.0	192.0	3.81
2023-02-12	22	414.1	-17.0	-4.1	-14.0	200.6	2.86
2023-02-12	23	484.0	+69.9	+14.4	-12.0	234.5	2.27
2023-02-16	00	746.8	-162.8	-21.8	-38.0	250.7	3.83
2023-02-16	01	584.0	-122.5	-21.0	7.0	271.1	4.09
2023-02-16	02	501.8	-24.0	-4.8	7.0	287.0	3.50
2023-02-16	03	536.0	-5.3	-1.0	-1.0	301.4	3.24
2023-02-16	04	491.1	-7.1	-1.5	0.0	320.3	3.61
2023-02-16	05	521.7	+1.2	+0.2	-3.0	315.9	2.94
2023-02-16	06	493.5	+121.9	+24.7	-10.0	339.3	3.82
2023-02-16	07	765.5	+119.8	+15.6	0.0	345.6	5.06
2023-02-16	08	733.0	-79.7	-10.9	15.0	2.2	5.52
2023-02-16	09	606.0	-17.5	-2.9	13.0	24.8	5.99
2023-02-16	10	698.0	+46.3	+6.6	31.0	16.3	6.32
2023-02-16	11	698.7	+1.0	+0.1	30.0	30.1	6.70
2023-02-16	12	700.0	-19.5	-2.8	37.0	29.3	6.06
2023-02-16	13	659.7	+11.8	+1.8	41.0	37.3	6.44
2023-02-16	14	723.7	+41.3	+5.7	41.0	25.4	6.15
2023-02-16	15	742.4	+2.2	+0.3	57.0	23.6	5.94
2023-02-16	16	728.2	-71.1	-9.8	23.0	33.0	5.43
2023-02-16	17	600.3	-126.5	-21.1	21.0	23.2	7.49
2023-02-16	18	475.2	-38.2	-8.0	24.0	10.2	7.87
2023-02-16	19	523.8	+59.9	+11.4	34.0	11.6	9.20
2023-02-16	20	594.9	+30.6	+5.1	6.0	3.0	8.38
2023-02-16	21	585.1	-8.5	-1.5	15.0	4.0	7.47
2023-02-16	22	577.8	+1.9	+0.3	-6.0	359.5	5.78
2023-02-16	23	588.9	+11.1	+1.9	-9.0	354.5	6.60
2023-02-20	00	840.0	-55.4	-6.6	-40.0	221.3	4.10
2023-02-20	01	784.6	-260.0	-33.1	-38.0	270.2	4.25
2023-02-20	02	320.1	-267.7	-83.6	-21.0	330.1	3.63
2023-02-20	03	249.2	-75.8	-30.4	-20.0	323.3	3.32
2023-02-20	04	168.5	-36.3	-21.5	-6.0	319.4	1.98
2023-02-20	05	176.7	-11.5	-6.5	-4.0	320.6	2.31
2023-02-20	06	145.5	-43.0	-29.5	-2.0	329.2	1.75
2023-02-20	07	90.7	-22.2	-24.4	1.0	341.7	1.67
2023-02-20	08	101.2	-1.4	-1.4	0.0	322.6	0.43
2023-02-20	09	88.0	-10.7	-12.2	-1.0	175.1	1.19
2023-02-20	10	79.7	-31.5	-39.6	0.0	187.3	0.94
2023-02-20	11	24.9	-20.2	-81.1	0.0	233.9	0.97
2023-02-20	12	39.4	+4.2	+10.6	0.0	171.3	0.04
2023-02-20	13	33.2	+47.2	+141.9	10.0	43.4	0.54
2023-02-20	14	133.7	+96.3	+72.0	6.0	144.7	0.52
2023-02-20	15	225.9	+95.2	+42.1	27.0	125.1	1.50
2023-02-20	16	324.2	+100.4	+31.0	93.0	114.1	3.17
2023-02-20	17	426.6	+99.5	+23.3	144.0	137.9	3.35
2023-02-20	18	523.2	+107.2	+20.5	152.0	139.6	3.93
2023-02-20	19	641.0	+145.4	+22.7	120.0	165.5	4.71
2023-02-20	20	814.0	+145.2	+17.8	90.0	167.1	4.90
2023-02-20	21	931.5	+14.5	+1.6	25.0	187.2	5.49
2023-02-20	22	842.9	-30.5	-3.6	-13.0	178.4	4.91
2023-02-20	23	870.5	+27.6	+3.2	-27.0	192.0	3.33
2023-02-24	00	913.9	+198.7	+21.7	-70.0	255.4	6.82
2023-02-24	01	1112.6	-150.1	-13.5	-60.0	251.1	5.74
2023-02-24	02	613.8	-231.6	-37.7	-46.0	260.4	4.71
2023-02-24	03	649.4	+193.3	+29.8	-50.0	258.5	4.94
2023-02-24	04	1000.4	-138.2	-13.8	-50.0	250.3	5.15
2023-02-24	05	372.9	-239.9	-64.3	-40.0	275.3	4.93
2023-02-24	06	520.6	+30.1	+5.8	-12.0	293.8	2.81
2023-02-24	07	433.1	-28.1	-6.5	-9.0	301.9	2.60
2023-02-24	08	464.4	-55.7	-12.0	-10.0	314.6	3.01
2023-02-24	09	321.7	-48.3	-15.0	-31.0	341.5	3.26
2023-02-24	10	367.9	+119.4	+32.4	-16.0	343.4	2.60
2023-02-24	11	560.4	+62.2	+11.1	-20.0	358.8	2.98
2023-02-24	12	492.2	-165.7	-33.7	-13.0	354.0	2.65
2023-02-24	13	229.0	-136.9	-59.8	-9.0	13.4	2.41
2023-02-24	14	218.4	+105.7	+48.4	0.0	314.6	1.70
2023-02-24	15	440.5	+189.5	+43.0	10.0	26.3	1.12
2023-02-24	16	597.3	+72.9	+12.2	60.0	24.4	2.06
2023-02-24	17	586.2	+33.4	+5.7	74.0	35.6	1.79
2023-02-24	18	664.2	+67.9	+10.2	70.0	19.3	1.82
2023-02-24	19	722.0	+55.0	+7.6	82.0	65.5	2.15
2023-02-24	20	774.1	+49.7	+6.4	72.0	86.3	2.30
2023-02-24	21	821.3	+13.4	+1.6	53.0	101.1	2.04
2023-02-24	22	800.9	-37.5	-4.7	31.0	84.7	1.30
2023-02-24	23	746.2	-54.7	-7.3	10.0	87.1	1.83
2023-02-28	00	558.6	-45.4	-8.1	-3.0	319.9	5.64
2023-02-28	01	513.2	+77.5	+15.1	-9.0	314.3	5.47
2023-02-28	02	713.6	+55.5	+7.8	-6.0	309.2	5.49
2023-02-28	03	624.3	-165.4	-26.5	-12.0	284.8	5.02
2023-02-28	04	382.9	-77.9	-20.4	-8.0	270.8	4.18
2023-02-28	05	468.4	+53.3	+11.4	-17.0	281.1	3.92
2023-02-28	06	489.5	+4.6	+0.9	-16.0	287.0	4.11
2023-02-28	07	477.6	-54.6	-11.4	-19.0	283.6	5.03
2023-02-28	08	380.4	-17.3	-4.5	-2.0	293.7	4.57
2023-02-28	09	443.1	+34.6	+7.8	-9.0	295.2	4.57
2023-02-28	10	449.5	-28.8	-6.4	-9.0	297.4	3.92
2023-02-28	11	385.4	+1.4	+0.4	2.0	298.7	3.64
2023-02-28	12	452.2	+22.9	+5.1	1.0	299.7	3.29
2023-02-28	13	431.2	-19.5	-4.5	-1.0	294.6	1.59
2023-02-28	14	413.1	+18.3	+4.4	10.0	256.0	1.96
2023-02-28	15	467.7	+45.1	+9.6	52.0	294.9	2.00
2023-02-28	16	503.4	+49.8	+9.9	61.0	287.3	1.60
2023-02-28	17	567.3	+10.3	+1.8	105.0	295.6	1.35
2023-02-28	18	524.0	+48.3	+9.2	98.0	250.8	1.00
2023-02-28	19	663.9	+80.0	+12.1	96.0	151.3	1.65
2023-02-28	20	684.0	-22.0	-3.2	79.0	105.3	1.48
2023-02-28	21	619.8	-67.1	-10.8	45.0	126.5	1.35
2023-02-28	22	549.8	-201.7	-36.7	8.0	70.6	1.52
2023-02-28	23	216.4	-333.5	-154.1	-4.0	111.5	1.47
2023-03-04	00	479.8	-179.6	-37.4	-39.0	343.2	5.15
2023-03-04	01	300.2	-108.6	-36.2	-24.0	339.0	4.32
2023-03-04	02	262.5	-73.9	-28.2	-6.0	343.4	1.93
2023-03-04	03	152.3	-77.8	-51.1	-5.0	314.9	1.89
2023-03-04	04	106.9	-40.1	-37.5	6.0	323.1	0.93
2023-03-04	05	72.0	-7.9	-10.9	-3.0	310.2	1.66
2023-03-04	06	91.2	+20.7	+22.7	0.0	291.6	0.87
2023-03-04	07	113.4	+27.9	+24.6	-2.0	276.5	1.39
2023-03-04	08	146.9	+26.2	+17.9	-1.0	276.3	1.03
2023-03-04	09	165.9	-19.1	-11.5	-2.0	258.4	1.14
2023-03-04	10	108.7	-64.7	-59.6	-1.0	255.3	0.90
2023-03-04	11	36.4	-36.6	-100.3	-1.0	165.3	0.97
2023-03-04	12	35.6	+4.7	+13.3	-2.0	192.2	1.19
2023-03-04	13	45.9	+38.6	+84.2	-1.0	240.0	1.08
2023-03-04	14	112.9	+99.7	+88.3	-2.0	207.8	2.05
2023-03-04	15	245.3	+118.2	+48.2	40.0	218.6	2.99
2023-03-04	16	349.2	+103.4	+29.6	99.0	204.2	3.91
2023-03-04	17	452.1	+76.9	+17.0	110.0	225.1	4.18
2023-03-04	18	503.0	+100.6	+20.0	88.0	243.9	3.09
2023-03-04	19	653.3	+112.3	+17.2	120.0	217.9	4.27
2023-03-04	20	727.5	-40.4	-5.6	58.0	238.3	4.62
2023-03-04	21	572.4	+102.2	+17.9	15.0	263.3	4.58
2023-03-04	22	932.0	+9.8	+1.1	-21.0	261.2	4.01
2023-03-04	23	592.0	-340.0	-57.4	-20.0	259.4	3.70
2023-03-08	00	870.4	-566.3	-65.1	-36.0	69.2	4.10
2023-03-08	01	304.1	-312.3	-102.7	-41.0	64.2	4.07
2023-03-08	02	245.7	-52.7	-21.4	-24.0	67.0	3.92
2023-03-08	03	198.7	-8.2	-4.1	-21.0	65.7	3.34
2023-03-08	04	229.3	+41.5	+18.1	-27.0	76.8	3.89
2023-03-08	05	281.7	-33.9	-12.0	-16.0	79.3	3.82
2023-03-08	06	161.5	-62.2	-38.5	-20.0	71.4	3.69
2023-03-08	07	157.2	+7.0	+4.4	-20.0	71.3	3.80
2023-03-08	08	175.5	+22.0	+12.5	-12.0	79.2	3.10
2023-03-08	09	201.3	-19.0	-9.4	-7.0	52.1	2.25
2023-03-08	10	137.6	-9.8	-7.1	-5.0	69.1	1.76
2023-03-08	11	181.6	+24.2	+13.4	-15.0	79.4	2.74
2023-03-08	12	186.1	+15.2	+8.2	-2.0	63.2	1.33
2023-03-08	13	212.0	+79.7	+37.6	-11.0	50.1	2.37
2023-03-08	14	345.6	+115.1	+33.3	0.0	85.3	4.34
2023-03-08	15	442.2	+136.4	+30.9	56.0	94.1	5.13
2023-03-08	16	618.4	+166.3	+26.9	124.0	101.0	6.23
2023-03-08	17	774.8	+164.7	+21.3	160.0	102.5	6.34
2023-03-08	18	947.9	+185.7	+19.6	205.0	103.8	6.03
2023-03-08	19	1146.3	+114.2	+10.0	200.0	103.6	5.94
2023-03-08	20	1176.3	+2.4	+0.2	226.0	104.2	5.98
2023-03-08	21	1151.0	-71.9	-6.2	119.0	102.3	5.72
2023-03-08	22	1032.6	-157.7	-15.3	48.0	96.8	6.67
2023-03-08	23	835.6	-197.0	-23.6	7.0	89.7	6.66
2023-03-12	00	529.0	-94.9	-17.9	-19.0	76.7	4.36
2023-03-12	01	434.1	-55.8	-12.9	-18.0	84.7	4.16
2023-03-12	02	417.3	-28.2	-6.8	1.0	83.1	3.45
2023-03-12	03	377.7	-61.8	-16.4	-6.0	94.3	3.54
2023-03-12	04	293.7	-7.8	-2.7	-4.0	99.7	3.16
2023-03-12	05	362.1	+13.5	+3.7	-2.0	77.8	2.97
2023-03-12	06	320.8	-7.9	-2.4	-3.0	72.1	2.59
2023-03-12	07	346.4	-18.1	-5.2	-3.0	97.6	2.89
2023-03-12	08	284.7	-34.2	-12.0	-4.0	92.9	3.01
2023-03-12	09	278.0	+17.8	+6.4	-2.0	77.4	2.32
2023-03-12	10	320.2	+38.8	+12.1	-2.0	120.9	1.78
2023-03-12	11	355.6	+34.5	+9.7	-4.0	134.2	2.65
2023-03-12	12	389.2	+47.7	+12.3	-3.0	130.2	2.63
2023-03-12	13	451.0	+78.1	+17.3	-1.0	143.2	2.85
2023-03-12	14	545.4	+28.2	+5.2	-1.0	160.1	2.90
2023-03-12	15	507.3	-24.3	-4.8	-2.0	175.7	3.61
2023-03-12	16	496.8	+93.9	+18.9	8.0	179.6	3.91
2023-03-12	17	695.1	+167.7	+24.1	13.0	198.8	3.74
2023-03-12	18	832.2	+216.6	+26.0	16.0	209.0	4.22
2023-03-12	19	1128.3	+89.9	+8.0	-50.0	231.9	5.78
2023-03-12	20	1011.9	-75.3	-7.4	47.0	242.5	6.26
2023-03-12	21	977.7	+15.1	+1.5	39.0	247.9	7.28
2023-03-12	22	1042.0	+42.5	+4.1	-26.0	261.3	5.55
2023-03-12	23	1062.8	+20.8	+2.0	-54.0	262.6	4.96
2023-03-16	00	398.8	-51.5	-12.9	-65.0	168.4	5.08
2023-03-16	01	347.2	-51.1	-14.7	-43.0	163.5	3.95
2023-03-16	02	296.6	+0.6	+0.2	-113.0	162.5	7.19
2023-03-16	03	348.4	+31.8	+9.1	-90.0	169.7	6.06
2023-03-16	04	360.2	-35.5	-9.9	-70.0	180.7	5.55
2023-03-16	05	277.3	-22.4	-8.1	-26.0	178.3	3.25
2023-03-16	06	315.4	+28.5	+9.0	-39.0	169.0	4.47
2023-03-16	07	334.4	+31.7	+9.5	-77.0	171.3	5.80
2023-03-16	08	378.8	+4.5	+1.2	-47.0	168.6	3.95
2023-03-16	09	343.4	-27.6	-8.0	-42.0	156.1	3.85
2023-03-16	10	323.6	+2.2	+0.7	-70.0	170.4	5.23
2023-03-16	11	347.8	+5.0	+1.4	-72.0	172.4	5.12
2023-03-16	12	333.6	-51.8	-15.5	-51.0	167.4	4.12
2023-03-16	13	244.1	-20.7	-8.5	-39.0	172.8	4.55
2023-03-16	14	292.2	+45.1	+15.4	0.0	166.0	5.31
2023-03-16	15	334.2	+33.5	+10.0	18.0	177.0	5.23
2023-03-16	16	359.3	+10.4	+2.9	20.0	176.2	4.98
2023-03-16	17	355.1	-6.1	-1.7	14.0	171.5	5.55
2023-03-16	18	347.2	+46.5	+13.4	55.0	189.4	5.27
2023-03-16	19	448.0	+58.4	+13.0	80.0	171.5	3.34
2023-03-16	20	464.0	-10.0	-2.2	10.0	169.4	3.20
2023-03-16	21	428.0	+2.2	+0.5	-7.0	160.5	3.38
2023-03-16	22	468.5	+76.4	+16.3	-5.0	171.3	3.36
2023-03-16	23	580.7	+112.2	+19.3	-8.0	182.8	3.48
2023-03-20	00	686.3	-5.6	-0.8	-71.0	216.9	5.34
2023-03-20	01	680.7	-104.2	-15.3	-57.0	206.1	5.40
2023-03-20	02	478.0	-160.5	-33.6	-58.0	209.4	6.69
2023-03-20	03	359.7	-29.8	-8.3	-49.0	206.6	6.15
2023-03-20	04	418.5	+29.0	+6.9	-59.0	204.7	6.69
2023-03-20	05	417.6	-8.3	-2.0	-43.0	210.6	5.82
2023-03-20	06	401.9	-9.3	-2.3	-45.0	210.4	5.68
2023-03-20	07	399.0	-6.1	-1.5	-41.0	205.5	5.91
2023-03-20	08	389.7	-6.5	-1.7	-43.0	205.2	5.84
2023-03-20	09	386.0	-9.1	-2.4	-53.0	206.3	7.27
2023-03-20	10	371.5	-14.2	-3.8	-51.0	209.8	7.89
2023-03-20	11	357.6	-4.5	-1.3	-43.0	213.8	6.92
2023-03-20	12	362.5	-2.4	-0.7	-43.0	211.0	7.85
2023-03-20	13	352.9	+18.2	+5.1	-38.0	206.6	7.55
2023-03-20	14	398.8	+50.6	+12.7	8.0	205.3	7.44
2023-03-20	15	454.0	+56.5	+12.4	69.0	207.4	6.65
2023-03-20	16	511.8	+137.1	+26.8	124.0	202.3	6.34
2023-03-20	17	728.2	+161.7	+22.2	153.0	203.7	6.97
2023-03-20	18	835.2	+264.7	+31.7	178.0	207.1	6.50
2023-03-20	19	1257.5	+230.3	+18.3	188.0	207.9	6.93
2023-03-20	20	1295.9	+135.5	+10.5	186.0	207.6	7.43
2023-03-20	21	1528.5	+17.9	+1.2	98.0	221.4	7.33
2023-03-20	22	1331.6	-98.0	-7.4	54.0	220.5	6.21
2023-03-20	23	1332.6	+1.0	+0.1	-7.0	218.0	4.02
2023-03-24	00	772.0	-321.4	-41.6	-2.0	14.6	1.23
2023-03-24	01	450.6	-335.1	-74.4	-1.0	339.4	0.54
2023-03-24	02	101.9	-186.8	-183.4	-2.0	77.9	1.05
2023-03-24	03	77.0	-19.3	-25.1	-1.0	98.0	0.80
2023-03-24	04	63.2	-20.5	-32.4	-2.0	106.0	1.35
2023-03-24	05	36.0	-14.7	-40.9	-3.0	336.4	1.46
2023-03-24	06	33.8	+10.1	+29.7	-2.0	11.1	1.38
2023-03-24	07	56.1	+16.4	+29.2	0.0	331.8	0.39
2023-03-24	08	66.6	+9.9	+14.9	-5.0	8.6	2.09
2023-03-24	09	75.9	-3.0	-3.9	-2.0	51.5	1.43
2023-03-24	10	60.6	+59.6	+98.2	1.0	17.2	0.51
2023-03-24	11	195.1	+63.3	+32.4	0.0	3.3	0.53
2023-03-24	12	187.2	+37.1	+19.8	3.0	354.3	2.07
2023-03-24	13	269.3	+77.9	+28.9	12.0	12.3	1.41
2023-03-24	14	343.1	+104.3	+30.4	52.0	56.4	2.52
2023-03-24	15	477.9	+167.2	+35.0	101.0	79.1	4.75
2023-03-24	16	677.5	+144.4	+21.3	150.0	85.0	5.71
2023-03-24	17	766.7	+55.2	+7.2	190.0	92.0	4.48
2023-03-24	18	787.8	+101.6	+12.9	248.0	86.4	4.81
2023-03-24	19	970.0	+97.4	+10.0	234.0	82.9	4.94
2023-03-24	20	982.6	-0.2	-0.0	200.0	83.6	5.43
2023-03-24	21	969.5	-77.3	-8.0	139.0	83.0	5.89
2023-03-24	22	828.0	-105.7	-12.8	48.0	79.8	6.22
2023-03-24	23	758.1	-69.9	-9.2	-19.0	76.3	4.83
2023-03-28	00	813.1	-239.0	-29.4	-3.0	102.2	1.44
2023-03-28	01	574.1	-216.8	-37.8	-3.0	157.5	1.42
2023-03-28	02	379.6	-249.8	-65.8	-3.0	2.4	1.31
2023-03-28	03	74.4	-164.5	-221.0	-2.0	104.5	0.97
2023-03-28	04	50.6	-9.7	-19.2	-3.0	67.2	1.53
2023-03-28	05	55.0	-14.0	-25.5	-4.0	170.2	1.78
2023-03-28	06	22.5	-0.4	-2.0	-6.0	171.9	2.03
2023-03-28	07	54.1	+0.3	+0.5	-2.0	162.8	1.06
2023-03-28	08	23.0	-3.0	-13.0	-12.0	140.6	2.39
2023-03-28	09	48.1	+25.6	+53.3	-2.0	118.8	0.99
2023-03-28	10	74.3	+10.8	+14.6	-1.0	41.7	0.60
2023-03-28	11	69.8	+22.9	+32.8	0.0	354.2	0.48
2023-03-28	12	120.1	+39.6	+33.0	-8.0	344.4	2.19
2023-03-28	13	149.0	+93.3	+62.6	-3.0	348.4	1.97
2023-03-28	14	306.6	+142.3	+46.4	10.0	338.5	3.28
2023-03-28	15	433.7	+124.3	+28.6	84.0	334.6	3.20
2023-03-28	16	555.2	+107.4	+19.3	160.0	329.2	2.89
2023-03-28	17	648.5	+165.4	+25.5	180.0	347.3	1.51
2023-03-28	18	886.0	+171.6	+19.4	171.0	272.7	0.90
2023-03-28	19	991.6	+127.0	+12.8	180.0	252.4	2.30
2023-03-28	20	1140.0	+126.4	+11.1	150.0	228.9	3.62
2023-03-28	21	1244.4	+202.9	+16.3	101.0	222.4	4.39
2023-03-28	22	1545.8	+231.0	+14.9	22.0	203.4	4.92
2023-03-28	23	1706.5	+160.7	+9.4	-32.0	231.4	4.97
2023-04-01	00	337.9	+49.1	+14.5	-49.0	64.8	5.77
2023-04-01	01	387.0	+363.7	+94.0	-11.0	204.2	10.27
2023-04-01	02	1065.4	-126.9	-11.9	-4.0	87.8	1.83
2023-04-01	03	133.3	-311.8	-233.9	-19.0	192.5	4.56
2023-04-01	04	441.9	+235.6	+53.3	26.0	236.7	10.70
2023-04-01	05	604.4	+10.1	+1.7	45.0	238.8	10.57
2023-04-01	06	462.0	-60.6	-13.1	-4.0	238.3	8.49
2023-04-01	07	483.2	+24.0	+5.0	-38.0	233.0	6.52
2023-04-01	08	510.0	+6.3	+1.2	-34.0	235.3	6.76
2023-04-01	09	495.7	+0.9	+0.2	-19.0	231.7	6.76
2023-04-01	10	511.8	+137.5	+26.9	-12.0	236.8	6.14
2023-04-01	11	770.7	+68.9	+8.9	9.0	240.0	5.35
2023-04-01	12	649.7	-109.3	-16.8	-3.0	258.7	6.78
2023-04-01	13	552.1	-40.2	-7.3	4.0	273.2	4.41
2023-04-01	14	569.3	+155.1	+27.2	30.0	291.6	5.89
2023-04-01	15	862.2	+249.3	+28.9	32.0	323.9	7.74
2023-04-01	16	1068.0	+25.7	+2.4	-9.0	332.4	8.29
2023-04-01	17	913.6	-115.2	-12.6	50.0	330.3	7.99
2023-04-01	18	837.7	-40.1	-4.8	80.0	332.0	8.44
2023-04-01	19	833.3	-3.5	-0.4	130.0	335.5	8.93
2023-04-01	20	830.7	+51.9	+6.2	60.0	335.6	6.68
2023-04-01	21	937.1	+122.9	+13.1	69.0	338.8	6.64
2023-04-01	22	1076.4	+101.8	+9.5	29.0	339.4	4.75
2023-04-01	23	1140.8	+64.4	+5.6	-20.0	343.6	3.98
2023-04-05	00	366.8	+43.3	+11.8	-17.0	72.4	4.93
2023-04-05	01	410.1	+29.4	+7.2	-40.0	82.2	5.21
2023-04-05	02	425.6	-54.6	-12.8	-30.0	94.2	6.81
2023-04-05	03	300.9	-73.3	-24.4	-40.0	84.7	5.36
2023-04-05	04	279.0	-8.4	-3.0	-40.0	50.6	5.26
2023-04-05	05	284.1	+4.7	+1.7	-30.0	120.5	3.35
2023-04-05	06	288.5	+5.7	+2.0	40.0	39.8	8.58
2023-04-05	07	295.5	+4.3	+1.5	-30.0	332.6	3.90
2023-04-05	08	297.1	-2.9	-1.0	5.0	67.8	3.92
2023-04-05	09	289.7	-4.3	-1.5	-14.0	83.9	4.63
2023-04-05	10	288.5	-1.1	-0.4	-11.0	106.0	4.52
2023-04-05	11	287.5	-5.1	-1.8	-1.0	271.9	1.11
2023-04-05	12	278.2	-24.4	-8.8	-40.0	138.0	3.57
2023-04-05	13	238.6	+24.7	+10.3	-8.0	135.1	3.23
2023-04-05	14	327.6	+220.6	+67.4	-10.0	177.6	5.18
2023-04-05	15	679.9	+106.8	+15.7	10.0	204.6	7.96
2023-04-05	16	541.1	-82.7	-15.3	-30.0	243.8	8.47
2023-04-05	17	514.5	+8.0	+1.6	50.0	245.9	9.73
2023-04-05	18	557.2	+103.3	+18.5	170.0	242.8	10.02
2023-04-05	19	721.1	+93.1	+12.9	120.0	245.8	11.31
2023-04-05	20	743.5	+40.6	+5.5	180.0	252.9	10.82
2023-04-05	21	802.4	+38.0	+4.7	120.0	246.9	10.47
2023-04-05	22	819.4	+10.1	+1.2	40.0	246.8	10.52
2023-04-05	23	822.6	+3.2	+0.4	-11.0	249.1	10.55
2023-04-09	00	1534.2	-224.7	-14.6	-25.0	170.7	3.13
2023-04-09	01	1309.4	-724.0	-55.3	-19.0	158.4	2.64
2023-04-09	02	86.1	-612.0	-710.9	-9.0	157.2	2.27
2023-04-09	03	85.4	+25.3	+29.6	-11.0	148.0	2.40
2023-04-09	04	136.7	+33.7	+24.6	-50.0	172.5	4.08
2023-04-09	05	152.8	+2.1	+1.4	-50.0	178.9	4.08
2023-04-09	06	141.0	-11.1	-7.9	-47.0	178.3	3.87
2023-04-09	07	130.7	-5.9	-4.5	-28.0	176.1	3.13
2023-04-09	08	129.2	-3.4	-2.6	-22.0	179.6	2.87
2023-04-09	09	124.0	-7.0	-5.6	-36.0	179.2	3.36
2023-04-09	10	115.3	+3.8	+3.3	-16.0	180.0	2.56
2023-04-09	11	131.6	-2.0	-1.5	-27.0	170.5	3.03
2023-04-09	12	111.4	+4.7	+4.2	-31.0	172.1	3.17
2023-04-09	13	141.1	+86.4	+61.3	-20.0	185.0	3.77
2023-04-09	14	284.2	+127.2	+44.8	13.0	195.4	4.43
2023-04-09	15	395.5	+138.5	+35.0	75.0	188.9	5.81
2023-04-09	16	561.3	+217.1	+38.7	185.0	184.6	6.79
2023-04-09	17	829.6	+239.7	+28.9	266.0	185.7	6.98
2023-04-09	18	1040.7	+178.6	+17.2	310.0	179.4	7.86
2023-04-09	19	1186.9	+161.7	+13.6	300.0	176.4	7.58
2023-04-09	20	1364.2	+157.4	+11.5	270.0	184.1	7.65
2023-04-09	21	1501.7	+79.2	+5.3	190.0	187.6	7.32
2023-04-09	22	1522.7	+2.5	+0.2	100.0	191.4	6.60
2023-04-09	23	1506.6	-16.1	-1.1	20.0	182.7	5.84
2023-04-13	00	1012.8	-164.3	-16.2	-50.0	212.4	6.46
2023-04-13	01	848.5	-342.5	-40.4	-84.0	208.7	6.91
2023-04-13	02	327.8	-260.7	-79.5	-70.0	207.5	4.83
2023-04-13	03	327.1	-26.7	-8.2	-62.0	198.5	5.45
2023-04-13	04	274.5	-4.8	-1.8	-42.0	207.1	4.53
2023-04-13	05	317.5	-13.2	-4.2	-49.0	201.7	4.18
2023-04-13	06	248.1	-32.6	-13.1	-42.0	213.0	4.91
2023-04-13	07	252.2	-0.7	-0.3	-38.0	212.3	4.44
2023-04-13	08	246.7	-5.9	-2.4	-29.0	225.5	3.62
2023-04-13	09	240.5	-12.7	-5.3	-32.0	218.1	3.53
2023-04-13	10	221.3	-28.7	-13.0	-30.0	207.8	3.33
2023-04-13	11	183.1	-32.1	-17.5	-25.0	200.2	3.17
2023-04-13	12	157.0	+9.2	+5.8	-23.0	198.6	3.47
2023-04-13	13	201.5	+89.2	+44.3	-1.0	205.3	4.20
2023-04-13	14	335.4	+84.3	+25.1	66.0	208.4	5.49
2023-04-13	15	370.1	+136.7	+36.9	124.0	215.5	4.81
2023-04-13	16	608.7	+328.9	+54.0	207.0	219.4	5.71
2023-04-13	17	1028.0	+333.1	+32.4	240.0	215.2	6.27
2023-04-13	18	1275.0	+138.1	+10.8	280.0	203.6	6.37
2023-04-13	19	1304.1	+18.9	+1.4	260.0	195.0	6.74
2023-04-13	20	1312.7	+4.3	+0.3	230.0	196.3	7.30
2023-04-13	21	1312.8	+6.4	+0.5	190.0	192.5	7.82
2023-04-13	22	1325.6	+9.3	+0.7	110.0	195.7	7.10
2023-04-13	23	1331.3	+5.8	+0.4	10.0	192.7	6.60
2023-04-17	00	733.8	+24.9	+3.4	32.0	254.0	6.14
2023-04-17	01	758.7	-42.8	-5.6	19.0	254.1	6.81
2023-04-17	02	648.1	-34.3	-5.3	13.0	250.9	7.11
2023-04-17	03	690.1	+38.4	+5.6	20.0	259.7	6.36
2023-04-17	04	724.9	-23.8	-3.3	5.0	269.0	6.63
2023-04-17	05	642.5	-3.7	-0.6	14.0	269.7	6.84
2023-04-17	06	717.5	+70.8	+9.9	-3.0	277.2	6.77
2023-04-17	07	784.0	+95.2	+12.1	10.0	284.0	7.78
2023-04-17	08	907.8	+24.1	+2.7	-1.0	282.9	7.48
2023-04-17	09	832.2	-67.7	-8.1	6.0	286.7	7.67
2023-04-17	10	772.4	-133.7	-17.3	-25.0	289.2	7.20
2023-04-17	11	564.9	-84.9	-15.0	5.0	280.6	5.96
2023-04-17	12	602.6	+49.4	+8.2	-1.0	292.6	7.36
2023-04-17	13	663.8	+92.3	+13.9	-8.0	291.0	7.36
2023-04-17	14	787.2	+86.5	+11.0	36.0	287.2	7.12
2023-04-17	15	836.9	+88.3	+10.6	45.0	287.2	8.12
2023-04-17	16	963.9	+149.6	+15.5	34.0	284.0	8.60
2023-04-17	17	1136.2	+142.8	+12.6	-18.0	289.6	8.94
2023-04-17	18	1249.5	+78.5	+6.3	8.0	296.7	6.75
2023-04-17	19	1293.1	-46.8	-3.6	2.0	279.4	7.80
2023-04-17	20	1155.8	-44.2	-3.8	-39.0	290.0	9.62
2023-04-17	21	1204.7	+12.1	+1.0	-14.0	286.9	8.50
2023-04-17	22	1180.0	-142.9	-12.1	10.0	285.7	7.97
2023-04-17	23	919.0	-261.1	-28.4	-18.0	294.3	7.72
2023-04-21	00	774.0	-289.4	-37.4	44.0	247.7	7.87
2023-04-21	01	484.6	-116.2	-24.0	7.0	245.5	8.73
2023-04-21	02	541.7	+90.1	+16.6	87.0	253.4	8.70
2023-04-21	03	664.8	+57.9	+8.7	-20.0	259.5	7.24
2023-04-21	04	657.5	+32.4	+4.9	44.0	253.1	6.52
2023-04-21	05	729.6	-63.1	-8.7	41.0	257.1	6.77
2023-04-21	06	531.2	-77.4	-14.6	12.0	246.8	4.60
2023-04-21	07	574.8	-21.9	-3.8	-23.0	232.5	4.52
2023-04-21	08	487.5	-144.9	-29.7	-12.0	235.9	3.19
2023-04-21	09	284.9	-131.6	-46.2	-8.0	197.6	2.44
2023-04-21	10	224.2	-30.7	-13.7	-16.0	195.9	3.04
2023-04-21	11	223.6	+37.1	+16.6	-21.0	180.2	3.09
2023-04-21	12	298.3	+86.2	+28.9	4.0	185.9	3.45
2023-04-21	13	395.9	+138.2	+34.9	61.0	215.0	6.28
2023-04-21	14	574.7	+324.2	+56.4	138.0	217.9	6.70
2023-04-21	15	1044.4	+455.2	+43.6	132.0	227.5	5.64
2023-04-21	16	1485.1	+363.8	+24.5	162.0	237.4	7.47
2023-04-21	17	1772.0	+170.2	+9.6	185.0	225.3	8.02
2023-04-21	18	1825.5	+92.2	+5.1	234.0	219.6	9.77
2023-04-21	19	1956.4	+26.3	+1.3	201.0	228.3	8.68
2023-04-21	20	1878.1	+58.2	+3.1	141.0	240.9	9.18
2023-04-21	21	2072.8	-179.1	-8.6	7.0	240.6	8.00
2023-04-21	22	1519.9	+12.6	+0.8	60.0	257.5	6.43
2023-04-21	23	2098.1	+578.2	+27.6	-23.0	248.0	6.01
2023-04-25	00	678.7	-183.9	-27.1	24.0	44.1	5.37
2023-04-25	01	494.7	+9.6	+1.9	-13.0	85.0	3.10
2023-04-25	02	697.9	+6.6	+0.9	-12.0	65.3	2.34
2023-04-25	03	508.0	-112.0	-22.0	-9.0	54.1	3.56
2023-04-25	04	474.0	-94.8	-20.0	-12.0	58.8	4.17
2023-04-25	05	318.4	-38.2	-12.0	4.0	65.5	2.35
2023-04-25	06	397.7	+41.2	+10.4	8.0	60.9	2.82
2023-04-25	07	400.8	-21.7	-5.4	-6.0	51.3	3.22
2023-04-25	08	354.3	+14.6	+4.1	0.0	77.2	1.58
2023-04-25	09	430.1	-6.9	-1.6	20.0	51.8	2.63
2023-04-25	10	340.5	-42.9	-12.6	21.0	43.5	2.38
2023-04-25	11	344.2	+21.2	+6.2	0.0	46.6	2.85
2023-04-25	12	382.8	+141.6	+37.0	12.0	54.7	3.51
2023-04-25	13	627.5	+198.2	+31.6	4.0	45.1	2.92
2023-04-25	14	779.3	+142.9	+18.3	37.0	30.4	3.97
2023-04-25	15	913.3	+191.3	+20.9	46.0	31.5	3.64
2023-04-25	16	1161.9	+168.5	+14.5	106.0	20.5	3.45
2023-04-25	17	1250.4	+164.3	+13.1	148.0	33.2	4.49
2023-04-25	18	1490.6	+25.4	+1.7	96.0	25.8	3.98
2023-04-25	19	1301.1	-34.9	-2.7	122.0	51.8	3.53
2023-04-25	20	1420.8	+115.8	+8.1	120.0	42.5	3.22
2023-04-25	21	1532.7	+152.9	+10.0	111.0	31.9	2.64
2023-04-25	22	1726.6	+47.5	+2.8	55.0	46.5	3.15
2023-04-25	23	1627.7	-98.8	-6.1	20.0	31.5	2.51
2023-04-29	00	1079.8	-213.1	-19.7	-14.0	90.7	3.23
2023-04-29	01	866.7	-465.8	-53.7	-9.0	91.0	2.23
2023-04-29	02	148.2	-407.8	-275.2	-28.0	94.5	3.12
2023-04-29	03	51.1	-35.1	-68.6	-10.0	122.7	2.03
2023-04-29	04	78.1	-2.6	-3.4	-22.0	99.7	2.97
2023-04-29	05	45.8	-8.2	-17.8	-23.0	121.8	2.93
2023-04-29	06	61.8	+10.6	+17.1	-20.0	149.5	2.75
2023-04-29	07	66.9	+2.8	+4.2	0.0	182.9	1.86
2023-04-29	08	67.4	-10.3	-15.2	-8.0	185.1	2.14
2023-04-29	09	46.4	-10.4	-22.4	-4.0	223.3	1.70
2023-04-29	10	46.6	+1.4	+2.9	-9.0	153.2	2.21
2023-04-29	11	49.1	+39.4	+80.2	0.0	359.0	0.48
2023-04-29	12	125.3	+204.9	+163.5	3.0	224.6	0.77
2023-04-29	13	458.8	+293.6	+64.0	8.0	306.5	3.27
2023-04-29	14	712.5	+111.8	+15.7	12.0	308.0	4.51
2023-04-29	15	682.4	+106.5	+15.6	8.0	296.7	5.51
2023-04-29	16	925.6	+215.1	+23.2	12.0	305.9	4.99
2023-04-29	17	1112.6	+228.1	+20.5	62.0	306.9	5.96
2023-04-29	18	1381.8	+151.0	+10.9	0.0	299.9	6.28
2023-04-29	19	1414.6	+177.6	+12.6	130.0	291.9	5.80
2023-04-29	20	1737.0	-18.3	-1.1	40.0	279.1	5.92
2023-04-29	21	1378.0	-231.2	-16.8	75.0	292.1	5.68
2023-04-29	22	1274.6	-40.4	-3.2	44.0	298.6	6.56
2023-04-29	23	1297.2	+22.6	+1.7	36.0	289.5	6.11
