tag	valid_time	reason
case_2023060216	2023-06-02T16:00	the above-BL layer turns 47 deg across 500 m; the geostrophic proxy is a poor summary of it; z_i = 1037 m exceeds the 976 m this 1952 m box supports at L >= 2 z
case_2023060317	2023-06-03T17:00	z_i = 1941 m exceeds the 976 m this 1952 m box supports at L >= 2 z_i. NOT a usable corpus case; skip the date or accept a domain-constrained boundary layer and
case_2023060418	2023-06-04T18:00	z_i = 1311 m exceeds the 976 m this 1952 m box supports at L >= 2 z_i. NOT a usable corpus case; skip the date or accept a domain-constrained boundary layer and
case_2023060519	2023-06-05T19:00	z_i = 1562 m exceeds the 976 m this 1952 m box supports at L >= 2 z_i. NOT a usable corpus case; skip the date or accept a domain-constrained boundary layer and
case_2023060620	2023-06-06T20:00	z_i = 1072 m exceeds the 976 m this 1952 m box supports at L >= 2 z_i. NOT a usable corpus case; skip the date or accept a domain-constrained boundary layer and
case_2023060816	2023-06-08T16:00	z_i = 1389 m exceeds the 976 m this 1952 m box supports at L >= 2 z_i. NOT a usable corpus case; skip the date or accept a domain-constrained boundary layer and
case_2023060917	2023-06-09T17:00	z_i = 1666 m exceeds the 976 m this 1952 m box supports at L >= 2 z_i. NOT a usable corpus case; skip the date or accept a domain-constrained boundary layer and
case_2023061018	2023-06-10T18:00	z_i = 2292 m exceeds the 976 m this 1952 m box supports at L >= 2 z_i. NOT a usable corpus case; skip the date or accept a domain-constrained boundary layer and
case_2023061220	2023-06-12T20:00	z_i = 2636 m exceeds the 976 m this 1952 m box supports at L >= 2 z_i. NOT a usable corpus case; skip the date or accept a domain-constrained boundary layer and
